yourlist:M20180318F725F458AC8690F874DD868E4ED79B88F26784T	Entry	Entry name	Status	Protein names	Gene names	Organism	Length
Q9Y312	Q9Y312	AAR2_HUMAN	reviewed	Protein AAR2 homolog (AAR2 splicing factor homolog)	AAR2 C20orf4 CGI-23 PRO0225	Homo sapiens (Human)	384
Q8N2K0	Q8N2K0	ABD12_HUMAN	reviewed	Monoacylglycerol lipase ABHD12 (EC 3.1.1.23) (2-arachidonoylglycerol hydrolase) (Abhydrolase domain-containing protein 12)	ABHD12 C20orf22	Homo sapiens (Human)	398
Q9H3Z7	Q9H3Z7	ABHGB_HUMAN	reviewed	Protein ABHD16B (EC 3.-.-.-) (Alpha/beta hydrolase domain-containing protein 16B) (Abhydrolase domain-containing protein 16B)	ABHD16B C20orf135	Homo sapiens (Human)	469
O14734	O14734	ACOT8_HUMAN	reviewed	Acyl-coenzyme A thioesterase 8 (Acyl-CoA thioesterase 8) (EC 3.1.2.27) (Choloyl-coenzyme A thioesterase) (HIV-Nef-associated acyl-CoA thioesterase) (PTE-2) (Peroxisomal acyl-coenzyme A thioester hydrolase 1) (PTE-1) (Peroxisomal long-chain acyl-CoA thioesterase 1) (Thioesterase II) (hACTE-III) (hACTEIII) (hTE)	ACOT8 ACTEIII PTE1 PTE2	Homo sapiens (Human)	319
Q9NUB1	Q9NUB1	ACS2L_HUMAN	reviewed	Acetyl-coenzyme A synthetase 2-like, mitochondrial (EC 6.2.1.1) (Acetate--CoA ligase 2) (Acetyl-CoA synthetase 2) (AceCS2) (Acyl-CoA synthetase short-chain family member 1)	ACSS1 ACAS2L KIAA1846	Homo sapiens (Human)	689
Q9NR19	Q9NR19	ACSA_HUMAN	reviewed	Acetyl-coenzyme A synthetase, cytoplasmic (EC 6.2.1.1) (Acetate--CoA ligase) (Acetyl-CoA synthetase) (ACS) (AceCS) (Acyl-CoA synthetase short-chain family member 2) (Acyl-activating enzyme)	ACSS2 ACAS2	Homo sapiens (Human)	701
Q5JWF8	Q5JWF8	ACL10_HUMAN	reviewed	Actin-like protein 10	ACTL10 C20orf134	Homo sapiens (Human)	245
Q9H9F9	Q9H9F9	ARP5_HUMAN	reviewed	Actin-related protein 5 (hARP5) (Sarcoma antigen NY-SAR-16)	ACTR5 ARP5	Homo sapiens (Human)	607
P00813	P00813	ADA_HUMAN	reviewed	Adenosine deaminase (EC 3.5.4.4) (Adenosine aminohydrolase)	ADA ADA1	Homo sapiens (Human)	363
Q9BZ11	Q9BZ11	ADA33_HUMAN	reviewed	Disintegrin and metalloproteinase domain-containing protein 33 (ADAM 33) (EC 3.4.24.-)	ADAM33 C20orf153 UNQ873/PRO1891	Homo sapiens (Human)	813
Q0VDE8	Q0VDE8	ADIG_HUMAN	reviewed	Adipogenin	ADIG	Homo sapiens (Human)	80
Q9H2P0	Q9H2P0	ADNP_HUMAN	reviewed	Activity-dependent neuroprotector homeobox protein (Activity-dependent neuroprotective protein)	ADNP ADNP1 KIAA0784	Homo sapiens (Human)	1102
P25100	P25100	ADA1D_HUMAN	reviewed	Alpha-1D adrenergic receptor (Alpha-1A adrenergic receptor) (Alpha-1D adrenoreceptor) (Alpha-1D adrenoceptor) (Alpha-adrenergic receptor 1a)	ADRA1D ADRA1A	Homo sapiens (Human)	572
Q16186	Q16186	ADRM1_HUMAN	reviewed	Proteasomal ubiquitin receptor ADRM1 (110 kDa cell membrane glycoprotein) (Gp110) (Adhesion-regulating molecule 1) (ARM-1) (Proteasome regulatory particle non-ATPase 13) (hRpn13) (Rpn13 homolog)	ADRM1 GP110	Homo sapiens (Human)	407
P23526	P23526	SAHH_HUMAN	reviewed	Adenosylhomocysteinase (AdoHcyase) (EC 3.3.1.1) (S-adenosyl-L-homocysteine hydrolase)	AHCY SAHH	Homo sapiens (Human)	432
Q9Y264	Q9Y264	ANGP4_HUMAN	reviewed	Angiopoietin-4 (ANG-4) (Angiopoietin-3) (ANG-3)	ANGPT4 ANG3 ANG4	Homo sapiens (Human)	503
Q9NU02	Q9NU02	ANKE1_HUMAN	reviewed	Ankyrin repeat and EF-hand domain-containing protein 1 (Ankyrin repeat domain-containing protein 5)	ANKEF1 ANKRD5	Homo sapiens (Human)	776
Q9BZ19	Q9BZ19	ANR60_HUMAN	reviewed	Ankyrin repeat domain-containing protein 60	ANKRD60 C20orf86	Homo sapiens (Human)	345
Q9NUS5	Q9NUS5	AP5S1_HUMAN	reviewed	AP-5 complex subunit sigma-1 (Adaptor-related protein complex 5 sigma subunit) (Sigma5)	AP5S1 C20orf29	Homo sapiens (Human)	200
Q8NCL9	Q8NCL9	APCDL_HUMAN	reviewed	Protein APCDD1-like (Adenomatosis polyposis coli down-regulated 1 protein-like)	APCDD1L	Homo sapiens (Human)	501
Q9HDC9	Q9HDC9	APMAP_HUMAN	reviewed	Adipocyte plasma membrane-associated protein (Protein BSCv)	APMAP C20orf3 UNQ1869/PRO4305	Homo sapiens (Human)	416
Q8N6T3	Q8N6T3	ARFG1_HUMAN	reviewed	ADP-ribosylation factor GTPase-activating protein 1 (ARF GAP 1) (ADP-ribosylation factor 1 GTPase-activating protein) (ARF1 GAP) (ARF1-directed GTPase-activating protein)	ARFGAP1 ARF1GAP	Homo sapiens (Human)	406
Q9Y6D5	Q9Y6D5	BIG2_HUMAN	reviewed	Brefeldin A-inhibited guanine nucleotide-exchange protein 2 (Brefeldin A-inhibited GEP 2) (ADP-ribosylation factor guanine nucleotide-exchange factor 2)	ARFGEF2 ARFGEP2 BIG2	Homo sapiens (Human)	1785
Q13795	Q13795	ARFRP_HUMAN	reviewed	ADP-ribosylation factor-related protein 1 (ARF-related protein 1) (ARP)	ARFRP1 ARP1	Homo sapiens (Human)	201
Q5TG30	Q5TG30	RHG40_HUMAN	reviewed	Rho GTPase-activating protein 40 (Rho-type GTPase-activating protein 40)	ARHGAP40 C20orf95	Homo sapiens (Human)	622
P42127	P42127	ASIP_HUMAN	reviewed	Agouti-signaling protein (ASP) (Agouti switch protein)	ASIP AGTI AGTIL ASP	Homo sapiens (Human)	132
Q8IXJ9	Q8IXJ9	ASXL1_HUMAN	reviewed	Putative Polycomb group protein ASXL1 (Additional sex combs-like protein 1)	ASXL1 KIAA0978	Homo sapiens (Human)	1541
P56381	P56381	ATP5E_HUMAN	reviewed	ATP synthase subunit epsilon, mitochondrial (ATPase subunit epsilon)	ATP5E	Homo sapiens (Human)	51
O75110	O75110	ATP9A_HUMAN	reviewed	Probable phospholipid-transporting ATPase IIA (EC 3.6.3.1) (ATPase class II type 9A)	ATP9A ATPIIA KIAA0611	Homo sapiens (Human)	1047
O75882	O75882	ATRN_HUMAN	reviewed	Attractin (DPPT-L) (Mahogany homolog)	ATRN KIAA0548 MGCA	Homo sapiens (Human)	1429
O14965	O14965	AURKA_HUMAN	reviewed	Aurora kinase A (EC 2.7.11.1) (Aurora 2) (Aurora/IPL1-related kinase 1) (ARK-1) (Aurora-related kinase 1) (hARK1) (Breast tumor-amplified kinase) (Serine/threonine-protein kinase 15) (Serine/threonine-protein kinase 6) (Serine/threonine-protein kinase aurora-A)	AURKA AIK AIRK1 ARK1 AURA AYK1 BTAK IAK1 STK15 STK6	Homo sapiens (Human)	403
P01185	P01185	NEU2_HUMAN	reviewed	Vasopressin-neurophysin 2-copeptin (AVP-NPII) [Cleaved into: Arg-vasopressin (Arginine-vasopressin); Neurophysin 2 (Neurophysin-II); Copeptin]	AVP ARVP VP	Homo sapiens (Human)	164
O43286	O43286	B4GT5_HUMAN	reviewed	Beta-1,4-galactosyltransferase 5 (Beta-1,4-GalTase 5) (Beta4Gal-T5) (b4Gal-T5) (EC 2.4.1.-) (Beta-1,4-GalT II) (UDP-Gal:beta-GlcNAc beta-1,4-galactosyltransferase 5) (UDP-galactose:beta-N-acetylglucosamine beta-1,4-galactosyltransferase 5)	B4GALT5	Homo sapiens (Human)	388
Q9H503	Q9H503	BAFL_HUMAN	reviewed	Barrier-to-autointegration factor-like protein (BAF-L) (Barrier-to-autointegration factor 2)	BANF2 BAFL C20orf179	Homo sapiens (Human)	90
O75363	O75363	BCAS1_HUMAN	reviewed	Breast carcinoma-amplified sequence 1 (Amplified and overexpressed in breast cancer) (Novel amplified in breast cancer 1)	BCAS1 AIBC1 NABC1	Homo sapiens (Human)	584
Q8TDM0	Q8TDM0	BCAS4_HUMAN	reviewed	Breast carcinoma-amplified sequence 4	BCAS4	Homo sapiens (Human)	211
Q07817	Q07817	B2CL1_HUMAN	reviewed	Bcl-2-like protein 1 (Bcl2-L-1) (Apoptosis regulator Bcl-X)	BCL2L1 BCL2L BCLX	Homo sapiens (Human)	233
Q12934	Q12934	BFSP1_HUMAN	reviewed	Filensin (Beaded filament structural protein 1) (Lens fiber cell beaded-filament structural protein CP 115) (CP115) (Lens intermediate filament-like heavy) (LIFL-H)	BFSP1	Homo sapiens (Human)	665
Q8NDY6	Q8NDY6	BHE23_HUMAN	reviewed	Class E basic helix-loop-helix protein 23 (bHLHe23) (Class B basic helix-loop-helix protein 4) (bHLHb4)	BHLHE23 BHLHB4	Homo sapiens (Human)	225
Q96CA5	Q96CA5	BIRC7_HUMAN	reviewed	Baculoviral IAP repeat-containing protein 7 (EC 2.3.2.27) (Kidney inhibitor of apoptosis protein) (KIAP) (Livin) (Melanoma inhibitor of apoptosis protein) (ML-IAP) (RING finger protein 50) (RING-type E3 ubiquitin transferase BIRC7) [Cleaved into: Baculoviral IAP repeat-containing protein 7 30kDa subunit (Truncated livin) (p30-Livin) (tLivin)]	BIRC7 KIAP LIVIN MLIAP RNF50 UNQ5800/PRO19607/PRO21344	Homo sapiens (Human)	298
P62952	P62952	BLCAP_HUMAN	reviewed	Bladder cancer-associated protein (Bladder cancer 10 kDa protein) (Bc10)	BLCAP BC10	Homo sapiens (Human)	87
P12643	P12643	BMP2_HUMAN	reviewed	Bone morphogenetic protein 2 (BMP-2) (Bone morphogenetic protein 2A) (BMP-2A)	BMP2 BMP2A	Homo sapiens (Human)	396
P18075	P18075	BMP7_HUMAN	reviewed	Bone morphogenetic protein 7 (BMP-7) (Osteogenic protein 1) (OP-1) (Eptotermin alfa)	BMP7 OP1	Homo sapiens (Human)	431
P17213	P17213	BPI_HUMAN	reviewed	Bactericidal permeability-increasing protein (BPI) (CAP 57)	BPI	Homo sapiens (Human)	487
Q9NP55	Q9NP55	BPIA1_HUMAN	reviewed	BPI fold-containing family A member 1 (Lung-specific protein X) (Nasopharyngeal carcinoma-related protein) (Palate lung and nasal epithelium clone protein) (Secretory protein in upper respiratory tracts) (Short PLUNC1) (SPLUNC1) (Tracheal epithelium-enriched protein) (Von Ebner protein Hl)	BPIFA1 LUNX NASG PLUNC SPLUNC1 SPURT UNQ787/PRO1606	Homo sapiens (Human)	256
Q96DR5	Q96DR5	BPIA2_HUMAN	reviewed	BPI fold-containing family A member 2 (Parotid secretory protein) (PSP) (Short palate, lung and nasal epithelium carcinoma-associated protein 2)	BPIFA2 C20orf70 SPLUNC2 UNQ510/PRO1025	Homo sapiens (Human)	249
Q9BQP9	Q9BQP9	BPIA3_HUMAN	reviewed	BPI fold-containing family A member 3 (Short palate, lung and nasal epithelium carcinoma-associated protein 3)	BPIFA3 C20orf71 SPLUNC3	Homo sapiens (Human)	254
Q8TDL5	Q8TDL5	BPIB1_HUMAN	reviewed	BPI fold-containing family B member 1 (Long palate, lung and nasal epithelium carcinoma-associated protein 1) (von Ebner minor salivary gland protein) (VEMSGP)	BPIFB1 C20orf114 LPLUNC1 UNQ706/PRO1357	Homo sapiens (Human)	484
Q8N4F0	Q8N4F0	BPIB2_HUMAN	reviewed	BPI fold-containing family B member 2 (Bactericidal/permeability-increasing protein-like 1) (BPI-like 1) (Long palate, lung and nasal epithelium carcinoma-associated protein 2) (RYSR)	BPIFB2 BPIL1 C20orf184 LPLUNC2 UNQ2489/PRO5776	Homo sapiens (Human)	458
P59826	P59826	BPIB3_HUMAN	reviewed	BPI fold-containing family B member 3 (Ligand-binding protein RYA3) (Long palate, lung and nasal epithelium carcinoma-associated protein 3)	BPIFB3 C20orf185 LPLUNC3	Homo sapiens (Human)	476
P59827	P59827	BPIB4_HUMAN	reviewed	BPI fold-containing family B member 4 (Ligand-binding protein RY2G5) (Long palate, lung and nasal epithelium carcinoma-associated protein 4)	BPIFB4 C20orf186 LPLUNC4	Homo sapiens (Human)	614
Q8NFQ5	Q8NFQ5	BPIB6_HUMAN	reviewed	BPI fold-containing family B member 6 (Bactericidal/permeability-increasing protein-like 3)	BPIFB6 BPIL3	Homo sapiens (Human)	453
Q9Y2F9	Q9Y2F9	BTBD3_HUMAN	reviewed	BTB/POZ domain-containing protein 3	BTBD3 KIAA0952	Homo sapiens (Human)	522
Q9GZN8	Q9GZN8	CT027_HUMAN	reviewed	UPF0687 protein C20orf27	C20orf27	Homo sapiens (Human)	174
Q9H1P6	Q9H1P6	CT085_HUMAN	reviewed	Uncharacterized protein C20orf85	C20orf85	Homo sapiens (Human)	137
Q9NUD7	Q9NUD7	CT096_HUMAN	reviewed	Uncharacterized protein C20orf96	C20orf96	Homo sapiens (Human)	363
Q9NUB4	Q9NUB4	CT141_HUMAN	reviewed	Uncharacterized protein C20orf141	C20orf141	Homo sapiens (Human)	165
Q9BQM9	Q9BQM9	CT144_HUMAN	reviewed	Uncharacterized protein C20orf144 (Bcl-2-like protein from testis) (Bclt)	C20orf144	Homo sapiens (Human)	153
Q96LM9	Q96LM9	CT173_HUMAN	reviewed	Uncharacterized protein C20orf173	C20orf173	Homo sapiens (Human)	149
Q5TEA3	Q5TEA3	CT194_HUMAN	reviewed	Uncharacterized protein C20orf194	C20orf194	Homo sapiens (Human)	1177
Q8IYI0	Q8IYI0	CT196_HUMAN	reviewed	Uncharacterized protein C20orf196	C20orf196	Homo sapiens (Human)	205
A1L168	A1L168	CT202_HUMAN	reviewed	Uncharacterized protein C20orf202	C20orf202	Homo sapiens (Human)	122
Q8NBC4	Q8NBC4	CT203_HUMAN	reviewed	Uncharacterized protein C20orf203	C20orf203	Homo sapiens (Human)	194
Q6ZNR8	Q6ZNR8	CT204_HUMAN	reviewed	Putative uncharacterized protein C20orf204 (Putative proline-rich protein 17)	C20orf204 LINC00176 NCRNA00176 PRR17	Homo sapiens (Human)	217
Q9BTV7	Q9BTV7	CABL2_HUMAN	reviewed	CDK5 and ABL1 enzyme substrate 2 (Interactor with CDK3 2) (Ik3-2)	CABLES2 C20orf150	Homo sapiens (Human)	478
Q9NQ75	Q9NQ75	CASS4_HUMAN	reviewed	Cas scaffolding protein family member 4 (HEF-like protein) (HEF1-EFS-p130Cas-like protein) (HEPL)	CASS4 C20orf32 HEFL	Homo sapiens (Human)	786
O43439	O43439	MTG8R_HUMAN	reviewed	Protein CBFA2T2 (ETO homologous on chromosome 20) (MTG8-like protein) (MTG8-related protein 1) (Myeloid translocation-related protein 1) (p85)	CBFA2T2 EHT MTGR1	Homo sapiens (Human)	604
Q9NTU7	Q9NTU7	CBLN4_HUMAN	reviewed	Cerebellin-4 (Cerebellin-like glycoprotein 1)	CBLN4 CBLNL1 UNQ718/PRO1382	Homo sapiens (Human)	201
Q9NUG4	Q9NUG4	CCM2L_HUMAN	reviewed	Cerebral cavernous malformations 2 protein-like (CCM2-like)	CCM2L C20orf160	Homo sapiens (Human)	571
P25942	P25942	TNR5_HUMAN	reviewed	Tumor necrosis factor receptor superfamily member 5 (B-cell surface antigen CD40) (Bp50) (CD40L receptor) (CDw40) (CD antigen CD40)	CD40 TNFRSF5	Homo sapiens (Human)	277
Q9NPY3	Q9NPY3	C1QR1_HUMAN	reviewed	Complement component C1q receptor (C1q/MBL/SPA receptor) (C1qR) (C1qR(p)) (C1qRp) (CDw93) (Complement component 1 q subcomponent receptor 1) (Matrix-remodeling-associated protein 4) (CD antigen CD93)	CD93 C1QR1 MXRA4	Homo sapiens (Human)	652
P30305	P30305	MPIP2_HUMAN	reviewed	M-phase inducer phosphatase 2 (EC 3.1.3.48) (Dual specificity phosphatase Cdc25B)	CDC25B CDC25HU2	Homo sapiens (Human)	580
P55283	P55283	CADH4_HUMAN	reviewed	Cadherin-4 (Retinal cadherin) (R-CAD) (R-cadherin)	CDH4	Homo sapiens (Human)	916
Q9UJ99	Q9UJ99	CAD22_HUMAN	reviewed	Cadherin-22 (Pituitary and brain cadherin) (PB-cadherin)	CDH22 C20orf25	Homo sapiens (Human)	828
Q8IXH8	Q8IXH8	CAD26_HUMAN	reviewed	Cadherin-like protein 26 (Cadherin-like protein VR20)	CDH26	Homo sapiens (Human)	852
Q96SZ6	Q96SZ6	CK5P1_HUMAN	reviewed	CDK5 regulatory subunit-associated protein 1 (CDK5 activator-binding protein C42)	CDK5RAP1 C20orf34 CGI-05 HSPC167	Homo sapiens (Human)	601
O95674	O95674	CDS2_HUMAN	reviewed	Phosphatidate cytidylyltransferase 2 (EC 2.7.7.41) (CDP-DAG synthase 2) (CDP-DG synthase 2) (CDP-diacylglycerol synthase 2) (CDS 2) (CDP-diglyceride pyrophosphorylase 2) (CDP-diglyceride synthase 2) (CTP:phosphatidate cytidylyltransferase 2)	CDS2	Homo sapiens (Human)	445
P17676	P17676	CEBPB_HUMAN	reviewed	CCAAT/enhancer-binding protein beta (C/EBP beta) (Liver activator protein) (LAP) (Liver-enriched inhibitory protein) (LIP) (Nuclear factor NF-IL6) (Transcription factor 5) (TCF-5)	CEBPB TCF5 PP9092	Homo sapiens (Human)	345
P07199	P07199	CENPB_HUMAN	reviewed	Major centromere autoantigen B (Centromere protein B) (CENP-B)	CENPB	Homo sapiens (Human)	599
Q9BV73	Q9BV73	CP250_HUMAN	reviewed	Centrosome-associated protein CEP250 (250 kDa centrosomal protein) (Cep250) (Centrosomal Nek2-associated protein 1) (C-Nap1) (Centrosomal protein 2)	CEP250 CEP2 CNAP1	Homo sapiens (Human)	2442
Q8NHU2	Q8NHU2	CFA61_HUMAN	reviewed	Cilia- and flagella-associated protein 61	CFAP61 C20orf26	Homo sapiens (Human)	1237
Q8TD26	Q8TD26	CHD6_HUMAN	reviewed	Chromodomain-helicase-DNA-binding protein 6 (CHD-6) (EC 3.6.4.12) (ATP-dependent helicase CHD6) (Radiation-induced gene B protein)	CHD6 CHD5 KIAA1335 RIGB	Homo sapiens (Human)	2715
P05060	P05060	SCG1_HUMAN	reviewed	Secretogranin-1 (Chromogranin-B) (CgB) (Secretogranin I) (SgI) [Cleaved into: PE-11; GAWK peptide; CCB peptide]	CHGB SCG1	Homo sapiens (Human)	677
Q9H444	Q9H444	CHM4B_HUMAN	reviewed	Charged multivesicular body protein 4b (Chromatin-modifying protein 4b) (CHMP4b) (SNF7 homolog associated with Alix 1) (SNF7-2) (hSnf7-2) (Vacuolar protein sorting-associated protein 32-2) (Vps32-2) (hVps32-2)	CHMP4B C20orf178 SHAX1	Homo sapiens (Human)	224
P43681	P43681	ACHA4_HUMAN	reviewed	Neuronal acetylcholine receptor subunit alpha-4	CHRNA4 NACRA4	Homo sapiens (Human)	627
Q96M20	Q96M20	CNBD2_HUMAN	reviewed	Cyclic nucleotide-binding domain-containing protein 2	CNBD2 C20orf152	Homo sapiens (Human)	576
Q14050	Q14050	CO9A3_HUMAN	reviewed	Collagen alpha-3(IX) chain	COL9A3	Homo sapiens (Human)	684
Q9P218	Q9P218	COKA1_HUMAN	reviewed	Collagen alpha-1(XX) chain	COL20A1 KIAA1510	Homo sapiens (Human)	1284
Q86VX2	Q86VX2	COMD7_HUMAN	reviewed	COMM domain-containing protein 7	COMMD7 C20orf92	Homo sapiens (Human)	200
Q96KJ9	Q96KJ9	COX42_HUMAN	reviewed	Cytochrome c oxidase subunit 4 isoform 2, mitochondrial (Cytochrome c oxidase subunit IV isoform 2) (COX IV-2)	COX4I2 COX4L2	Homo sapiens (Human)	171
Q99829	Q99829	CPNE1_HUMAN	reviewed	Copine-1 (Chromobindin 17) (Copine I)	CPNE1 CPN1	Homo sapiens (Human)	537
Q96SM3	Q96SM3	CPXM1_HUMAN	reviewed	Probable carboxypeptidase X1 (EC 3.4.17.-) (Metallocarboxypeptidase CPX-1)	CPXM1 CPX1 CPXM UNQ3015/PRO9782	Homo sapiens (Human)	734
Q9UJA2	Q9UJA2	CRLS1_HUMAN	reviewed	Cardiolipin synthase (CMP-forming) (CLS) (EC 2.7.8.41) (Protein GCD10 homolog)	CRLS1 C20orf155 CLS1	Homo sapiens (Human)	301
Q9BZJ0	Q9BZJ0	CRNL1_HUMAN	reviewed	Crooked neck-like protein 1 (Crooked neck homolog) (hCrn)	CRNKL1 CRN CGI-201 MSTP021	Homo sapiens (Human)	848
P55060	P55060	XPO2_HUMAN	reviewed	Exportin-2 (Exp2) (Cellular apoptosis susceptibility protein) (Chromosome segregation 1-like protein) (Importin-alpha re-exporter)	CSE1L CAS XPO2	Homo sapiens (Human)	971
P68400	P68400	CSK21_HUMAN	reviewed	Casein kinase II subunit alpha (CK II alpha) (EC 2.7.11.1)	CSNK2A1 CK2A1	Homo sapiens (Human)	391
P01037	P01037	CYTN_HUMAN	reviewed	Cystatin-SN (Cystain-SA-I) (Cystatin-1) (Salivary cystatin-SA-1)	CST1	Homo sapiens (Human)	141
P09228	P09228	CYTT_HUMAN	reviewed	Cystatin-SA (Cystatin-2) (Cystatin-S5)	CST2	Homo sapiens (Human)	141
P01034	P01034	CYTC_HUMAN	reviewed	Cystatin-C (Cystatin-3) (Gamma-trace) (Neuroendocrine basic polypeptide) (Post-gamma-globulin)	CST3	Homo sapiens (Human)	146
P01036	P01036	CYTS_HUMAN	reviewed	Cystatin-S (Cystatin-4) (Cystatin-SA-III) (Salivary acidic protein 1)	CST4	Homo sapiens (Human)	141
P28325	P28325	CYTD_HUMAN	reviewed	Cystatin-D (Cystatin-5)	CST5	Homo sapiens (Human)	142
O76096	O76096	CYTF_HUMAN	reviewed	Cystatin-F (Cystatin-7) (Cystatin-like metastasis-associated protein) (CMAP) (Leukocystatin)	CST7	Homo sapiens (Human)	145
O60676	O60676	CST8_HUMAN	reviewed	Cystatin-8 (Cystatin-related epididymal spermatogenic protein)	CST8 CRES	Homo sapiens (Human)	142
Q5W186	Q5W186	CST9_HUMAN	reviewed	Cystatin-9 (Cystatin-like molecule)	CST9 CLM CTES7A	Homo sapiens (Human)	159
Q9H4G1	Q9H4G1	CST9L_HUMAN	reviewed	Cystatin-9-like (Testatin)	CST9L CTES7B UNQ1835/PRO3543	Homo sapiens (Human)	147
Q9H112	Q9H112	CST11_HUMAN	reviewed	Cystatin-11	CST11 CST8L	Homo sapiens (Human)	138
Q05048	Q05048	CSTF1_HUMAN	reviewed	Cleavage stimulation factor subunit 1 (CF-1 50 kDa subunit) (Cleavage stimulation factor 50 kDa subunit) (CSTF 50 kDa subunit) (CstF-50)	CSTF1	Homo sapiens (Human)	431
Q9H114	Q9H114	CSTL1_HUMAN	reviewed	Cystatin-like 1 (RCET11)	CSTL1	Homo sapiens (Human)	145
Q8NI51	Q8NI51	CTCFL_HUMAN	reviewed	Transcriptional repressor CTCFL (Brother of the regulator of imprinted sites) (CCCTC-binding factor) (CTCF paralog) (CTCF-like protein) (Cancer/testis antigen 27) (CT27) (Zinc finger protein CTCF-T)	CTCFL BORIS	Homo sapiens (Human)	663
Q8WYA6	Q8WYA6	CTBL1_HUMAN	reviewed	Beta-catenin-like protein 1 (Nuclear-associated protein) (NAP) (Testis development protein NYD-SP19)	CTNNBL1 C20orf33 PP8304	Homo sapiens (Human)	563
P10619	P10619	PPGB_HUMAN	reviewed	Lysosomal protective protein (EC 3.4.16.5) (Carboxypeptidase C) (Carboxypeptidase L) (Cathepsin A) (Protective protein cathepsin A) (PPCA) (Protective protein for beta-galactosidase) [Cleaved into: Lysosomal protective protein 32 kDa chain; Lysosomal protective protein 20 kDa chain]	CTSA PPGB	Homo sapiens (Human)	480
Q9UBR2	Q9UBR2	CATZ_HUMAN	reviewed	Cathepsin Z (EC 3.4.18.1) (Cathepsin P) (Cathepsin X)	CTSZ	Homo sapiens (Human)	303
Q07973	Q07973	CP24A_HUMAN	reviewed	1,25-dihydroxyvitamin D(3) 24-hydroxylase, mitochondrial (24-OHase) (Vitamin D(3) 24-hydroxylase) (EC 1.14.15.16) (Cytochrome P450 24A1) (Cytochrome P450-CC24)	CYP24A1 CYP24	Homo sapiens (Human)	514
Q9BQY9	Q9BQY9	DBND2_HUMAN	reviewed	Dysbindin domain-containing protein 2 (Casein kinase-1 binding protein) (CK1BP) (HSMNP1)	DBNDD2 C20orf35	Homo sapiens (Human)	259
Q96HY6	Q96HY6	DDRGK_HUMAN	reviewed	DDRGK domain-containing protein 1 (Dashurin) (UFM1-binding and PCI domain-containing protein 1)	DDRGK1 C20orf116 UFBP1	Homo sapiens (Human)	314
Q96GQ7	Q96GQ7	DDX27_HUMAN	reviewed	Probable ATP-dependent RNA helicase DDX27 (EC 3.6.4.13) (DEAD box protein 27)	DDX27 cPERP-F RHLP HSPC259 PP3241	Homo sapiens (Human)	796
Q30KQ5	Q30KQ5	DB115_HUMAN	reviewed	Beta-defensin 115 (Beta-defensin 15) (DEFB-15) (Defensin, beta 115)	DEFB115 DEFB15	Homo sapiens (Human)	88
Q30KQ4	Q30KQ4	DB116_HUMAN	reviewed	Beta-defensin 116 (Beta-defensin 16) (DEFB-16) (Defensin, beta 116)	DEFB116 DEFB16	Homo sapiens (Human)	102
Q96PH6	Q96PH6	DB118_HUMAN	reviewed	Beta-defensin 118 (Beta-defensin 18) (DEFB-18) (Defensin, beta 118) (Epididymal secretory protein 13.6) (ESP13.6)	DEFB118 C20orf63 DEFB18 ESC42	Homo sapiens (Human)	123
Q8N690	Q8N690	DB119_HUMAN	reviewed	Beta-defensin 119 (Beta-defensin 120) (Beta-defensin 19) (DEFB-19) (Beta-defensin 20) (DEFB-20) (Defensin, beta 119) (Defensin, beta 120) (ESC42-RELA)	DEFB119 DEFB120 DEFB19 DEFB20 UNQ2449/PRO5729	Homo sapiens (Human)	84
Q5J5C9	Q5J5C9	DB121_HUMAN	reviewed	Beta-defensin 121 (Beta-defensin 21) (DEFB-21) (Defensin, beta 121)	DEFB121 DEFB21	Homo sapiens (Human)	76
Q8N688	Q8N688	DB123_HUMAN	reviewed	Beta-defensin 123 (Beta-defensin 23) (DEFB-23) (Defensin, beta 123)	DEFB123 DEFB23 UNQ1963/PRO4485	Homo sapiens (Human)	67
Q8NES8	Q8NES8	DB124_HUMAN	reviewed	Beta-defensin 124 (Beta-defensin 24) (DEFB-24) (Defensin, beta 124)	DEFB124 DEFB24	Homo sapiens (Human)	71
Q8N687	Q8N687	DB125_HUMAN	reviewed	Beta-defensin 125 (Beta-defensin 25) (DEFB-25) (Defensin, beta 125)	DEFB125 DEFB25	Homo sapiens (Human)	156
Q9BYW3	Q9BYW3	DB126_HUMAN	reviewed	Beta-defensin 126 (Beta-defensin 26) (DEFB-26) (Defensin, beta 126) (Epididymal secretory protein 13.2) (ESP13.2) (HBD26)	DEFB126 C20orf8 DEFB26	Homo sapiens (Human)	111
Q9H1M4	Q9H1M4	DB127_HUMAN	reviewed	Beta-defensin 127 (Beta-defensin 27) (DEFB-27) (Defensin, beta 127)	DEFB127 C20orf73 DEFB27 UNQ1956/PRO6071	Homo sapiens (Human)	99
Q7Z7B8	Q7Z7B8	DB128_HUMAN	reviewed	Beta-defensin 128 (Beta-defensin 28) (DEFB-28) (Defensin, beta 128)	DEFB128 DEFB28	Homo sapiens (Human)	93
Q9H1M3	Q9H1M3	DB129_HUMAN	reviewed	Beta-defensin 129 (Beta-defensin 29) (DEFB-29) (Defensin, beta 129)	DEFB129 C20orf87 DEFB29 UNQ5794/PRO19599	Homo sapiens (Human)	183
Q7Z7B7	Q7Z7B7	DB132_HUMAN	reviewed	Beta-defensin 132 (Beta-defensin 32) (BD-32) (DEFB-32) (Defensin HEL-75) (Defensin, beta 132)	DEFB132 DEFB32 UNQ827/PRO1754	Homo sapiens (Human)	95
Q9H5Z1	Q9H5Z1	DHX35_HUMAN	reviewed	Probable ATP-dependent RNA helicase DHX35 (EC 3.6.4.13) (DEAH box protein 35)	DHX35 C20orf15 DDX35	Homo sapiens (Human)	703
Q9BTC0	Q9BTC0	DIDO1_HUMAN	reviewed	Death-inducer obliterator 1 (DIO-1) (hDido1) (Death-associated transcription factor 1) (DATF-1)	DIDO1 C20orf158 DATF1 KIAA0333	Homo sapiens (Human)	2240
Q9Y2H0	Q9Y2H0	DLGP4_HUMAN	reviewed	Disks large-associated protein 4 (DAP-4) (PSD-95/SAP90-binding protein 4) (SAP90/PSD-95-associated protein 4) (SAPAP-4)	DLGAP4 DAP4 KIAA0964 SAPAP4	Homo sapiens (Human)	992
Q9H3Z4	Q9H3Z4	DNJC5_HUMAN	reviewed	DnaJ homolog subfamily C member 5 (Ceroid-lipofuscinosis neuronal protein 4) (Cysteine string protein) (CSP)	DNAJC5 CLN4	Homo sapiens (Human)	198
Q9UBC3	Q9UBC3	DNM3B_HUMAN	reviewed	DNA (cytosine-5)-methyltransferase 3B (Dnmt3b) (EC 2.1.1.37) (DNA methyltransferase HsaIIIB) (DNA MTase HsaIIIB) (M.HsaIIIB)	DNMT3B	Homo sapiens (Human)	853
Q9H147	Q9H147	TDIF1_HUMAN	reviewed	Deoxynucleotidyltransferase terminal-interacting protein 1 (Terminal deoxynucleotidyltransferase-interacting factor 1) (TdIF1) (TdT-interacting factor 1)	DNTTIP1 C20orf167 TDIF1	Homo sapiens (Human)	329
Q9P104	Q9P104	DOK5_HUMAN	reviewed	Docking protein 5 (Downstream of tyrosine kinase 5) (Insulin receptor substrate 6) (IRS-6) (IRS6)	DOK5 C20orf180	Homo sapiens (Human)	306
O60762	O60762	DPM1_HUMAN	reviewed	Dolichol-phosphate mannosyltransferase subunit 1 (EC 2.4.1.83) (Dolichol-phosphate mannose synthase subunit 1) (DPM synthase subunit 1) (Dolichyl-phosphate beta-D-mannosyltransferase subunit 1) (Mannose-P-dolichol synthase subunit 1) (MPD synthase subunit 1)	DPM1	Homo sapiens (Human)	260
Q9H410	Q9H410	DSN1_HUMAN	reviewed	Kinetochore-associated protein DSN1 homolog	DSN1 C20orf172 MIS13	Homo sapiens (Human)	356
P60981	P60981	DEST_HUMAN	reviewed	Destrin (Actin-depolymerizing factor) (ADF)	DSTN ACTDP DSN	Homo sapiens (Human)	165
Q8TEA8	Q8TEA8	DTD1_HUMAN	reviewed	D-aminoacyl-tRNA deacylase 1 (DTD) (EC 3.1.1.96) (DNA-unwinding element-binding protein B) (DUE-B) (Gly-tRNA(Ala) deacylase) (EC 3.1.1.-) (Histidyl-tRNA synthase-related)	DTD1 C20orf88 DUEB HARS2	Homo sapiens (Human)	209
Q9H1R2	Q9H1R2	DUS15_HUMAN	reviewed	Dual specificity protein phosphatase 15 (EC 3.1.3.16) (EC 3.1.3.48) (VH1-related member Y) (Vaccinia virus VH1-related dual-specific protein phosphatase Y)	DUSP15 C20orf57 VHY	Homo sapiens (Human)	295
Q9NP97	Q9NP97	DLRB1_HUMAN	reviewed	Dynein light chain roadblock-type 1 (Bithoraxoid-like protein) (BLP) (Dynein light chain 2A, cytoplasmic) (Dynein-associated protein Km23) (Roadblock domain-containing protein 1)	DYNLRB1 BITH DNCL2A DNLC2A ROBLD1 HSPC162	Homo sapiens (Human)	96
Q9NVP4	Q9NVP4	DZAN1_HUMAN	reviewed	Double zinc ribbon and ankyrin repeat-containing protein 1	DZANK1 C20orf12 C20orf84	Homo sapiens (Human)	752
Q01094	Q01094	E2F1_HUMAN	reviewed	Transcription factor E2F1 (E2F-1) (PBR3) (Retinoblastoma-associated protein 1) (RBAP-1) (Retinoblastoma-binding protein 3) (RBBP-3) (pRB-binding protein E2F-1)	E2F1 RBBP3	Homo sapiens (Human)	437
Q9BQW3	Q9BQW3	COE4_HUMAN	reviewed	Transcription factor COE4 (Early B-cell factor 4) (EBF-4) (Olf-1/EBF-like 4) (O/E-4) (OE-4)	EBF4 COE4 KIAA1442	Homo sapiens (Human)	602
Q9BV94	Q9BV94	EDEM2_HUMAN	reviewed	ER degradation-enhancing alpha-mannosidase-like protein 2	EDEM2 C20orf31 C20orf49 UNQ573/PRO1135	Homo sapiens (Human)	578
P14138	P14138	EDN3_HUMAN	reviewed	Endothelin-3 (ET-3) (Preproendothelin-3) (PPET3)	EDN3	Homo sapiens (Human)	238
Q05639	Q05639	EF1A2_HUMAN	reviewed	Elongation factor 1-alpha 2 (EF-1-alpha-2) (Eukaryotic elongation factor 1 A-2) (eEF1A-2) (Statin-S1)	EEF1A2 EEF1AL STN	Homo sapiens (Human)	463
A8MWE9	A8MWE9	EFCB8_HUMAN	reviewed	EF-hand calcium-binding domain-containing protein 8	EFCAB8	Homo sapiens (Human)	144
P20042	P20042	IF2B_HUMAN	reviewed	Eukaryotic translation initiation factor 2 subunit 2 (Eukaryotic translation initiation factor 2 subunit beta) (eIF-2-beta)	EIF2S2 EIF2B	Homo sapiens (Human)	333
P56537	P56537	IF6_HUMAN	reviewed	Eukaryotic translation initiation factor 6 (eIF-6) (B(2)GCN homolog) (B4 integrin interactor) (CAB) (p27(BBP))	EIF6 EIF3A ITGB4BP OK/SW-cl.27	Homo sapiens (Human)	245
Q96JJ3	Q96JJ3	ELMO2_HUMAN	reviewed	Engulfment and cell motility protein 2 (Protein ced-12 homolog A) (hCed-12A)	ELMO2 CED12A KIAA1834	Homo sapiens (Human)	720
Q9NT22	Q9NT22	EMIL3_HUMAN	reviewed	EMILIN-3 (EMILIN-5) (Elastin microfibril interface-located protein 3) (Elastin microfibril interfacer 3) (Elastin microfibril interface-located protein 5) (Elastin microfibril interfacer 5)	EMILIN3 C20orf130 EMILIN5	Homo sapiens (Human)	766
O75354	O75354	ENTP6_HUMAN	reviewed	Ectonucleoside triphosphate diphosphohydrolase 6 (NTPDase 6) (EC 3.6.1.6) (CD39 antigen-like 2)	ENTPD6 CD39L2 IL6ST2	Homo sapiens (Human)	484
Q9H4G0	Q9H4G0	E41L1_HUMAN	reviewed	Band 4.1-like protein 1 (Neuronal protein 4.1) (4.1N)	EPB41L1 KIAA0338	Homo sapiens (Human)	881
O95925	O95925	EPPI_HUMAN	reviewed	Eppin (Cancer/testis antigen 71) (CT71) (Epididymal protease inhibitor) (Protease inhibitor WAP7) (Serine protease inhibitor-like with Kunitz and WAP domains 1) (WAP four-disulfide core domain protein 7)	EPPIN SPINLW1 WAP7 WFDC7	Homo sapiens (Human)	133
Q9Y282	Q9Y282	ERGI3_HUMAN	reviewed	Endoplasmic reticulum-Golgi intermediate compartment protein 3 (Serologically defined breast cancer antigen NY-BR-84)	ERGIC3 C20orf47 ERV46 SDBCAG84 CGI-54 PRO0989	Homo sapiens (Human)	383
Q9H501	Q9H501	ESF1_HUMAN	reviewed	ESF1 homolog (ABT1-associated protein)	ESF1 ABTAP C20orf6 HDCMC28P	Homo sapiens (Human)	851
O00167	O00167	EYA2_HUMAN	reviewed	Eyes absent homolog 2 (EC 3.1.3.48)	EYA2 EAB1	Homo sapiens (Human)	538
Q9BQN1	Q9BQN1	FA83C_HUMAN	reviewed	Protein FAM83C	FAM83C C20orf128	Homo sapiens (Human)	747
Q9H4H8	Q9H4H8	FA83D_HUMAN	reviewed	Protein FAM83D (Spindle protein CHICA)	FAM83D C20orf129	Homo sapiens (Human)	585
Q9BQ89	Q9BQ89	F110A_HUMAN	reviewed	Protein FAM110A	FAM110A C20orf55 F10	Homo sapiens (Human)	295
Q5JX71	Q5JX71	F209A_HUMAN	reviewed	Protein FAM209A	FAM209A C20orf106	Homo sapiens (Human)	171
Q5JX69	Q5JX69	F209B_HUMAN	reviewed	Protein FAM209B	FAM209B C20orf107	Homo sapiens (Human)	171
Q96KR6	Q96KR6	F210B_HUMAN	reviewed	Protein FAM210B, mitochondrial	FAM210B C20orf108 PSEC0265	Homo sapiens (Human)	192
Q9NTX9	Q9NTX9	F217B_HUMAN	reviewed	Protein FAM217B	FAM217B C20orf177	Homo sapiens (Human)	383
Q7L8L6	Q7L8L6	FAKD5_HUMAN	reviewed	FAST kinase domain-containing protein 5, mitochondrial	FASTKD5 KIAA1792	Homo sapiens (Human)	764
Q9BQL6	Q9BQL6	FERM1_HUMAN	reviewed	Fermitin family homolog 1 (Kindlerin) (Kindlin syndrome protein) (Kindlin-1) (Unc-112-related protein 1)	FERMT1 C20orf42 KIND1 URP1	Homo sapiens (Human)	677
Q8N6M3	Q8N6M3	FITM2_HUMAN	reviewed	Fat storage-inducing transmembrane protein 2 (Fat-inducing protein 2)	FITM2 C20orf142 FIT2	Homo sapiens (Human)	262
P62942	P62942	FKB1A_HUMAN	reviewed	Peptidyl-prolyl cis-trans isomerase FKBP1A (PPIase FKBP1A) (EC 5.2.1.8) (12 kDa FK506-binding protein) (12 kDa FKBP) (FKBP-12) (Calstabin-1) (FK506-binding protein 1A) (FKBP-1A) (Immunophilin FKBP12) (Rotamase)	FKBP1A FKBP1 FKBP12	Homo sapiens (Human)	108
Q9NZU0	Q9NZU0	FLRT3_HUMAN	reviewed	Leucine-rich repeat transmembrane protein FLRT3 (Fibronectin-like domain-containing leucine-rich transmembrane protein 3)	FLRT3 KIAA1469 UNQ856/PRO1865	Homo sapiens (Human)	649
Q9BVV2	Q9BVV2	FND11_HUMAN	reviewed	Fibronectin type III domain-containing protein 11	FNDC11 C20orf195	Homo sapiens (Human)	318
Q9Y261	Q9Y261	FOXA2_HUMAN	reviewed	Hepatocyte nuclear factor 3-beta (HNF-3-beta) (HNF-3B) (Forkhead box protein A2) (Transcription factor 3B) (TCF-3B)	FOXA2 HNF3B TCF3B	Homo sapiens (Human)	457
O43638	O43638	FOXS1_HUMAN	reviewed	Forkhead box protein S1 (Forkhead-like 18 protein) (Forkhead-related transcription factor 10) (FREAC-10)	FOXS1 FKHL18 FREAC10	Homo sapiens (Human)	330
Q9BWX5	Q9BWX5	GATA5_HUMAN	reviewed	Transcription factor GATA-5 (GATA-binding factor 5)	GATA5	Homo sapiens (Human)	397
Q6ZNI0	Q6ZNI0	GCNT7_HUMAN	reviewed	Beta-1,3-galactosyl-O-glycosyl-glycoprotein beta-1,6-N-acetylglucosaminyltransferase 7 (EC 2.4.1.-)	GCNT7 C20orf105	Homo sapiens (Human)	430
Q96MZ0	Q96MZ0	GD1L1_HUMAN	reviewed	Ganglioside-induced differentiation-associated protein 1-like 1 (GDAP1-L1)	GDAP1L1	Homo sapiens (Human)	367
P43026	P43026	GDF5_HUMAN	reviewed	Growth/differentiation factor 5 (GDF-5) (Bone morphogenetic protein 14) (BMP-14) (Cartilage-derived morphogenetic protein 1) (CDMP-1) (Lipopolysaccharide-associated protein 4) (LAP-4) (LPS-associated protein 4) (Radotermin)	GDF5 BMP14 CDMP1	Homo sapiens (Human)	501
Q5U4N7	Q5U4N7	GDF5O_HUMAN	reviewed	Protein GDF5OS, mitochondrial (Growth/differentiation factor 5 opposite strand transcript protein)	GDF5OS	Homo sapiens (Human)	250
Q9GZZ7	Q9GZZ7	GFRA4_HUMAN	reviewed	GDNF family receptor alpha-4 (GDNF receptor alpha-4) (GDNFR-alpha-4) (GFR-alpha-4) (Persephin receptor)	GFRA4	Homo sapiens (Human)	299
Q9UJ14	Q9UJ14	GGT7_HUMAN	reviewed	Glutathione hydrolase 7 (EC 3.4.19.13) (Gamma-glutamyltransferase 7) (GGT 7) (EC 2.3.2.2) (Gamma-glutamyltransferase-like 3) (Gamma-glutamyltransferase-like 5) (Gamma-glutamyltranspeptidase 7) [Cleaved into: Glutathione hydrolase 7 heavy chain; Glutathione hydrolase 7 light chain]	GGT7 GGTL3 GGTL5	Homo sapiens (Human)	662
Q9BX51	Q9BX51	GGTL1_HUMAN	reviewed	Glutathione hydrolase light chain 1 (Gamma-glutamyltransferase light chain 1) (Gamma-glutamyltransferase-like activity 4) (Gamma-glutamyltransferase-like protein 6)	GGTLC1 GGTLA4	Homo sapiens (Human)	225
P01286	P01286	SLIB_HUMAN	reviewed	Somatoliberin (Growth hormone-releasing factor) (GRF) (Growth hormone-releasing hormone) (GHRH) (Somatocrinin) (Somatorelin) (Sermorelin)	GHRH GHRF	Homo sapiens (Human)	108
Q9NWU2	Q9NWU2	GID8_HUMAN	reviewed	Glucose-induced degradation protein 8 homolog (Two hybrid-associated protein 1 with RanBPM) (Twa1)	GID8 C20orf11	Homo sapiens (Human)	228
Q14691	Q14691	PSF1_HUMAN	reviewed	DNA replication complex GINS protein PSF1 (GINS complex subunit 1)	GINS1 KIAA0186 PSF1	Homo sapiens (Human)	196
Q9UKD1	Q9UKD1	GMEB2_HUMAN	reviewed	Glucocorticoid modulatory element-binding protein 2 (GMEB-2) (DNA-binding protein p79PIF) (Parvovirus initiation factor p79) (PIF p79)	GMEB2 KIAA1269	Homo sapiens (Human)	530
O95467	O95467	GNAS3_HUMAN	reviewed	Neuroendocrine secretory protein 55 (NESP55) [Cleaved into: LHAL tetrapeptide; GPIPIRRH peptide]	GNAS GNAS1	Homo sapiens (Human)	245
P63092	P63092	GNAS2_HUMAN	reviewed	Guanine nucleotide-binding protein G(s) subunit alpha isoforms short (Adenylate cyclase-stimulating G alpha protein)	GNAS GNAS1 GSP	Homo sapiens (Human)	394
P84996	P84996	ALEX_HUMAN	reviewed	Protein ALEX (Alternative gene product encoded by XL-exon)	GNAS GNAS1	Homo sapiens (Human)	626
Q5JWF2	Q5JWF2	GNAS1_HUMAN	reviewed	Guanine nucleotide-binding protein G(s) subunit alpha isoforms XLas (Adenylate cyclase-stimulating G alpha protein) (Extra large alphas protein) (XLalphas)	GNAS GNAS1	Homo sapiens (Human)	1037
O43555	O43555	GON2_HUMAN	reviewed	Progonadoliberin-2 (Progonadoliberin II) [Cleaved into: Gonadoliberin-2 (Gonadoliberin II) (Gonadotropin-releasing hormone II) (GnRH II) (Luliberin II) (Luteinizing hormone-releasing hormone II) (LH-RH II); GnRH-associated peptide 2 (GnRH-associated peptide II)]	GNRH2	Homo sapiens (Human)	120
Q9NPB8	Q9NPB8	GPCP1_HUMAN	reviewed	Glycerophosphocholine phosphodiesterase GPCPD1 (EC 3.1.4.2) (Glycerophosphodiester phosphodiesterase 5)	GPCPD1 GDE5 KIAA1434	Homo sapiens (Human)	672
P48637	P48637	GSHB_HUMAN	reviewed	Glutathione synthetase (GSH synthetase) (GSH-S) (EC 6.3.2.3) (Glutathione synthase)	GSS	Homo sapiens (Human)	474
Q9H1H1	Q9H1H1	GTSFL_HUMAN	reviewed	Gametocyte-specific factor 1-like (Protein FAM112A)	GTSF1L C20orf65 FAM112A	Homo sapiens (Human)	148
Q9H116	Q9H116	GZF1_HUMAN	reviewed	GDNF-inducible zinc finger protein 1 (Zinc finger and BTB domain-containing protein 23) (Zinc finger protein 336)	GZF1 ZBTB23 ZNF336	Homo sapiens (Human)	711
Q9UJM8	Q9UJM8	HAOX1_HUMAN	reviewed	Hydroxyacid oxidase 1 (HAOX1) (EC 1.1.3.15) (Glycolate oxidase) (GOX)	HAO1 GOX1 HAOX1	Homo sapiens (Human)	370
P08631	P08631	HCK_HUMAN	reviewed	Tyrosine-protein kinase HCK (EC 2.7.10.2) (Hematopoietic cell kinase) (Hemopoietic cell kinase) (p59-HCK/p60-HCK) (p59Hck) (p61Hck)	HCK	Homo sapiens (Human)	526
Q9BYK8	Q9BYK8	HELZ2_HUMAN	reviewed	Helicase with zinc finger domain 2 (ATP-dependent helicase PRIC285) (Helicase with zinc finger 2, transcriptional coactivator) (PPAR-alpha-interacting complex protein 285) (PPAR-gamma DNA-binding domain-interacting protein 1) (PDIP1) (PPAR-gamma DBD-interacting protein 1) (Peroxisomal proliferator-activated receptor A-interacting complex 285 kDa protein) (EC 3.6.4.-)	HELZ2 KIAA1769 PRIC285	Homo sapiens (Human)	2649
Q8TCT9	Q8TCT9	HM13_HUMAN	reviewed	Minor histocompatibility antigen H13 (EC 3.4.23.-) (Intramembrane protease 1) (IMP-1) (IMPAS-1) (hIMP1) (Presenilin-like protein 3) (Signal peptide peptidase)	HM13 H13 IMP1 PSL3 SPP MSTP086	Homo sapiens (Human)	377
P41235	P41235	HNF4A_HUMAN	reviewed	Hepatocyte nuclear factor 4-alpha (HNF-4-alpha) (Nuclear receptor subfamily 2 group A member 1) (Transcription factor 14) (TCF-14) (Transcription factor HNF-4)	HNF4A HNF4 NR2A1 TCF14	Homo sapiens (Human)	474
Q9Y5N1	Q9Y5N1	HRH3_HUMAN	reviewed	Histamine H3 receptor (H3R) (HH3R) (G-protein coupled receptor 97)	HRH3 GPCR97	Homo sapiens (Human)	445
Q96MM6	Q96MM6	HS12B_HUMAN	reviewed	Heat shock 70 kDa protein 12B	HSPA12B C20orf60	Homo sapiens (Human)	686
P41134	P41134	ID1_HUMAN	reviewed	DNA-binding protein inhibitor ID-1 (Class B basic helix-loop-helix protein 24) (bHLHb24) (Inhibitor of DNA binding 1) (Inhibitor of differentiation 1)	ID1 BHLHB24 ID	Homo sapiens (Human)	155
O43837	O43837	IDH3B_HUMAN	reviewed	Isocitrate dehydrogenase [NAD] subunit beta, mitochondrial (Isocitric dehydrogenase subunit beta) (NAD(+)-specific ICDH subunit beta)	IDH3B	Homo sapiens (Human)	385
Q9Y366	Q9Y366	IFT52_HUMAN	reviewed	Intraflagellar transport protein 52 homolog (Protein NGD5 homolog)	IFT52 C20orf9 NGD5 CGI-53	Homo sapiens (Human)	437
Q01101	Q01101	INSM1_HUMAN	reviewed	Insulinoma-associated protein 1 (Zinc finger protein IA-1)	INSM1 IA1	Homo sapiens (Human)	510
B1AKI9	B1AKI9	ISM1_HUMAN	reviewed	Isthmin-1	ISM1 C20orf82 ISM	Homo sapiens (Human)	464
Q96J02	Q96J02	ITCH_HUMAN	reviewed	E3 ubiquitin-protein ligase Itchy homolog (Itch) (EC 2.3.2.26) (Atrophin-1-interacting protein 4) (AIP4) (HECT-type E3 ubiquitin transferase Itchy homolog) (NFE2-associated polypeptide 1) (NAPP1)	ITCH	Homo sapiens (Human)	903
Q9BY32	Q9BY32	ITPA_HUMAN	reviewed	Inosine triphosphate pyrophosphatase (ITPase) (Inosine triphosphatase) (EC 3.6.1.9) (Non-canonical purine NTP pyrophosphatase) (Non-standard purine NTP pyrophosphatase) (Nucleoside-triphosphate diphosphatase) (Nucleoside-triphosphate pyrophosphatase) (NTPase) (Putative oncogene protein hlc14-06-p)	ITPA C20orf37 My049 OK/SW-cl.9	Homo sapiens (Human)	194
P78504	P78504	JAG1_HUMAN	reviewed	Protein jagged-1 (Jagged1) (hJ1) (CD antigen CD339)	JAG1 JAGL1	Homo sapiens (Human)	1218
Q9BR39	Q9BR39	JPH2_HUMAN	reviewed	Junctophilin-2 (JP-2) (Junctophilin type 2)	JPH2 JP2	Homo sapiens (Human)	696
Q9H8E8	Q9H8E8	CSR2B_HUMAN	reviewed	Cysteine-rich protein 2-binding protein (CSRP2-binding protein) (ADA2A-containing complex subunit 2) (ATAC2) (CRP2-binding partner) (CRP2BP) (Lysine acetyltransferase 14)	KAT14 CSRP2BP	Homo sapiens (Human)	782
Q14721	Q14721	KCNB1_HUMAN	reviewed	Potassium voltage-gated channel subfamily B member 1 (Delayed rectifier potassium channel 1) (DRK1) (h-DRK1) (Voltage-gated potassium channel subunit Kv2.1)	KCNB1	Homo sapiens (Human)	858
Q9UIX4	Q9UIX4	KCNG1_HUMAN	reviewed	Potassium voltage-gated channel subfamily G member 1 (Voltage-gated potassium channel subunit Kv6.1) (kH2)	KCNG1	Homo sapiens (Human)	513
Q9H427	Q9H427	KCNKF_HUMAN	reviewed	Potassium channel subfamily K member 15 (Acid-sensitive potassium channel protein TASK-5) (TWIK-related acid-sensitive K(+) channel 5) (Two pore potassium channel KT3.3) (Two pore K(+) channel KT3.3)	KCNK15 TASK5	Homo sapiens (Human)	330
O43526	O43526	KCNQ2_HUMAN	reviewed	Potassium voltage-gated channel subfamily KQT member 2 (KQT-like 2) (Neuroblastoma-specific potassium channel subunit alpha KvLQT2) (Voltage-gated potassium channel subunit Kv7.2)	KCNQ2	Homo sapiens (Human)	872
Q96KK3	Q96KK3	KCNS1_HUMAN	reviewed	Potassium voltage-gated channel subfamily S member 1 (Delayed-rectifier K(+) channel alpha subunit 1) (Voltage-gated potassium channel subunit Kv9.1)	KCNS1	Homo sapiens (Human)	526
Q5JYT7	Q5JYT7	K1755_HUMAN	reviewed	Uncharacterized protein KIAA1755	KIAA1755	Homo sapiens (Human)	1200
O15066	O15066	KIF3B_HUMAN	reviewed	Kinesin-like protein KIF3B (HH0048) (Microtubule plus end-directed kinesin motor 3B) [Cleaved into: Kinesin-like protein KIF3B, N-terminally processed]	KIF3B KIAA0359	Homo sapiens (Human)	747
Q96L93	Q96L93	KI16B_HUMAN	reviewed	Kinesin-like protein KIF16B (Sorting nexin-23)	KIF16B C20orf23 KIAA1590 SNX23	Homo sapiens (Human)	1317
Q2M2Z5	Q2M2Z5	KIZ_HUMAN	reviewed	Centrosomal protein kizuna (Polo-like kinase 1 substrate 1)	KIZ C20orf19 NCRNA00153 PLK1S1 HT013	Homo sapiens (Human)	673
Q9Y468	Q9Y468	LMBL1_HUMAN	reviewed	Lethal(3)malignant brain tumor-like protein 1 (H-l(3)mbt) (H-l(3)mbt protein) (L(3)mbt-like) (L(3)mbt protein homolog) (L3MBTL1)	L3MBTL1 KIAA0681 L3MBT L3MBTL	Homo sapiens (Human)	752
O15230	O15230	LAMA5_HUMAN	reviewed	Laminin subunit alpha-5 (Laminin-10 subunit alpha) (Laminin-11 subunit alpha) (Laminin-15 subunit alpha)	LAMA5 KIAA0533 KIAA1907	Homo sapiens (Human)	3695
Q9UJQ1	Q9UJQ1	LAMP5_HUMAN	reviewed	Lysosome-associated membrane glycoprotein 5 (Brain and dendritic cell-associated LAMP) (Brain-associated LAMP-like protein) (BAD-LAMP) (Lysosome-associated membrane protein 5) (LAMP-5)	LAMP5 C20orf103	Homo sapiens (Human)	280
P18428	P18428	LBP_HUMAN	reviewed	Lipopolysaccharide-binding protein (LBP)	LBP	Homo sapiens (Human)	481
Q9H400	Q9H400	LIME1_HUMAN	reviewed	Lck-interacting transmembrane adapter 1 (Lck-interacting membrane protein) (Lck-interacting molecule)	LIME1 LIME LP8067	Homo sapiens (Human)	295
Q8TD35	Q8TD35	LKAM1_HUMAN	reviewed	Protein LKAAEAR1 (LKAAEAR motif-containing protein 1)	LKAAEAR1 C20orf201	Homo sapiens (Human)	194
Q9BQK8	Q9BQK8	LPIN3_HUMAN	reviewed	Phosphatidate phosphatase LPIN3 (EC 3.1.3.4) (Lipin-3) (Lipin-3-like)	LPIN3 LIPN3L	Homo sapiens (Human)	851
Q8WUT4	Q8WUT4	LRRN4_HUMAN	reviewed	Leucine-rich repeat neuronal protein 4 (Neuronal leucine-rich repeat protein 4) (NLRR-4)	LRRN4 C20orf75	Homo sapiens (Human)	740
Q9BX40	Q9BX40	LS14B_HUMAN	reviewed	Protein LSM14 homolog B (Protein FAM61B) (RNA-associated protein 55B) (hRAP55B)	LSM14B C20orf40 FAM61B RAP55B	Homo sapiens (Human)	385
O60299	O60299	LZTS3_HUMAN	reviewed	Leucine zipper putative tumor suppressor 3 (ProSAP-interacting protein 1) (ProSAPiP1)	LZTS3 KIAA0552 PROSAPIP1	Homo sapiens (Human)	673
A1Z1Q3	A1Z1Q3	MACD2_HUMAN	reviewed	O-acetyl-ADP-ribose deacetylase MACROD2 (EC 3.2.2.-) (EC 3.5.1.-) (MACRO domain-containing protein 2) ([Protein ADP-ribosylglutamate] hydrolase)	MACROD2 C20orf133	Homo sapiens (Human)	448
Q9Y5Q3	Q9Y5Q3	MAFB_HUMAN	reviewed	Transcription factor MafB (Maf-B) (V-maf musculoaponeurotic fibrosarcoma oncogene homolog B)	MAFB KRML	Homo sapiens (Human)	323
Q9NQG1	Q9NQG1	MANBL_HUMAN	reviewed	Protein MANBAL	MANBAL	Homo sapiens (Human)	85
Q9H492	Q9H492	MLP3A_HUMAN	reviewed	Microtubule-associated proteins 1A/1B light chain 3A (Autophagy-related protein LC3 A) (Autophagy-related ubiquitin-like modifier LC3 A) (MAP1 light chain 3-like protein 1) (MAP1A/MAP1B light chain 3 A) (MAP1A/MAP1B LC3 A) (Microtubule-associated protein 1 light chain 3 alpha)	MAP1LC3A	Homo sapiens (Human)	121
Q15691	Q15691	MARE1_HUMAN	reviewed	Microtubule-associated protein RP/EB family member 1 (APC-binding protein EB1) (End-binding protein 1) (EB1)	MAPRE1	Homo sapiens (Human)	268
O95460	O95460	MATN4_HUMAN	reviewed	Matrilin-4	MATN4	Homo sapiens (Human)	622
Q7Z434	Q7Z434	MAVS_HUMAN	reviewed	Mitochondrial antiviral-signaling protein (MAVS) (CARD adapter inducing interferon beta) (Cardif) (Interferon beta promoter stimulator protein 1) (IPS-1) (Putative NF-kappa-B-activating protein 031N) (Virus-induced-signaling adapter) (VISA)	MAVS IPS1 KIAA1271 VISA	Homo sapiens (Human)	540
P41968	P41968	MC3R_HUMAN	reviewed	Melanocortin receptor 3 (MC3-R)	MC3R	Homo sapiens (Human)	323
Q9UJA3	Q9UJA3	MCM8_HUMAN	reviewed	DNA helicase MCM8 (EC 3.6.4.12) (Minichromosome maintenance 8)	MCM8 C20orf154	Homo sapiens (Human)	840
Q9BQP7	Q9BQP7	MGME1_HUMAN	reviewed	Mitochondrial genome maintenance exonuclease 1 (EC 3.1.-.-)	MGME1 C20orf72 DDK1	Homo sapiens (Human)	344
Q9NPJ1	Q9NPJ1	MKKS_HUMAN	reviewed	McKusick-Kaufman/Bardet-Biedl syndromes putative chaperonin (Bardet-Biedl syndrome 6 protein)	MKKS BBS6	Homo sapiens (Human)	570
P14780	P14780	MMP9_HUMAN	reviewed	Matrix metalloproteinase-9 (MMP-9) (EC 3.4.24.35) (92 kDa gelatinase) (92 kDa type IV collagenase) (Gelatinase B) (GELB) [Cleaved into: 67 kDa matrix metalloproteinase-9; 82 kDa matrix metalloproteinase-9]	MMP9 CLG4B	Homo sapiens (Human)	707
Q9Y5R2	Q9Y5R2	MMP24_HUMAN	reviewed	Matrix metalloproteinase-24 (MMP-24) (EC 3.4.24.-) (Membrane-type matrix metalloproteinase 5) (MT-MMP 5) (MTMMP5) (Membrane-type-5 matrix metalloproteinase) (MT5-MMP) (MT5MMP) [Cleaved into: Processed matrix metalloproteinase-24]	MMP24 MT5MMP	Homo sapiens (Human)	645
O95396	O95396	MOCS3_HUMAN	reviewed	Adenylyltransferase and sulfurtransferase MOCS3 (Molybdenum cofactor synthesis protein 3) (Molybdopterin synthase sulfurylase) (MPT synthase sulfurylase) [Includes: Molybdopterin-synthase adenylyltransferase (EC 2.7.7.80) (Adenylyltransferase MOCS3) (Sulfur carrier protein MOCS2A adenylyltransferase); Molybdopterin-synthase sulfurtransferase (EC 2.8.1.11) (Sulfur carrier protein MOCS2A sulfurtransferase) (Sulfurtransferase MOCS3)]	MOCS3 UBA4	Homo sapiens (Human)	460
Q9NV56	Q9NV56	MRGBP_HUMAN	reviewed	MRG/MORF4L-binding protein (MRG-binding protein) (Up-regulated in colon cancer 4) (Urcc4)	MRGBP C20orf20	Homo sapiens (Human)	204
Q9H579	Q9H579	MROH8_HUMAN	reviewed	Protein MROH8 (Maestro heat-like repeat-containing protein family member 8)	MROH8 C20orf131 C20orf132	Homo sapiens (Human)	483
Q9BYN8	Q9BYN8	RT26_HUMAN	reviewed	28S ribosomal protein S26, mitochondrial (MRP-S26) (S26mt) (28S ribosomal protein S13, mitochondrial) (MRP-S13) (S13mt) (Mitochondrial small ribosomal subunit protein mS26)	MRPS26 C20orf193 RPMS13	Homo sapiens (Human)	205
Q9H4K7	Q9H4K7	MTG2_HUMAN	reviewed	Mitochondrial ribosome-associated GTPase 2 (GTP-binding protein 5) (Protein obg homolog 1) (ObgH1)	MTG2 GTPBP5 OBGH1	Homo sapiens (Human)	406
P0CJ70	P0CJ70	HMN3_HUMAN	reviewed	Humanin-like 3 (HN3) (MT-RNR2-like protein 3)	MTRNR2L3	Homo sapiens (Human)	24
P10244	P10244	MYBB_HUMAN	reviewed	Myb-related protein B (B-Myb) (Myb-like protein 2)	MYBL2 BMYB	Homo sapiens (Human)	700
A7E2Y1	A7E2Y1	MYH7B_HUMAN	reviewed	Myosin-7B (Antigen MLAA-21) (Myosin cardiac muscle beta chain) (Myosin heavy chain 7B, cardiac muscle beta isoform) (Slow A MYH14)	MYH7B KIAA1512	Homo sapiens (Human)	1941
P24844	P24844	MYL9_HUMAN	reviewed	Myosin regulatory light polypeptide 9 (20 kDa myosin light chain) (LC20) (MLC-2C) (Myosin RLC) (Myosin regulatory light chain 2, smooth muscle isoform) (Myosin regulatory light chain 9) (Myosin regulatory light chain MRLC1)	MYL9 MLC2 MRLC1 MYRL2	Homo sapiens (Human)	172
Q9H1R3	Q9H1R3	MYLK2_HUMAN	reviewed	Myosin light chain kinase 2, skeletal/cardiac muscle (MLCK2) (EC 2.7.11.18)	MYLK2	Homo sapiens (Human)	596
Q01538	Q01538	MYT1_HUMAN	reviewed	Myelin transcription factor 1 (MyT1) (Myelin transcription factor I) (MyTI) (PLPB1) (Proteolipid protein-binding protein)	MYT1 KIAA0835 KIAA1050 MTF1 MYTI PLPB1	Homo sapiens (Human)	1121
P61599	P61599	NAA20_HUMAN	reviewed	N-alpha-acetyltransferase 20 (EC 2.3.1.254) (Methionine N-acetyltransferase) (N-acetyltransferase 5) (N-terminal acetyltransferase B complex catalytic subunit NAA20) (N-terminal acetyltransferase B complex catalytic subunit NAT5) (NatB complex subunit NAT5) (NatB catalytic subunit)	NAA20 NAT5	Homo sapiens (Human)	178
Q8TBE9	Q8TBE9	NANP_HUMAN	reviewed	N-acylneuraminate-9-phosphatase (EC 3.1.3.29) (Haloacid dehalogenase-like hydrolase domain-containing protein 4) (Neu5Ac-9-Pase)	NANP C20orf147 HDHD4	Homo sapiens (Human)	248
Q9H115	Q9H115	SNAB_HUMAN	reviewed	Beta-soluble NSF attachment protein (SNAP-beta) (N-ethylmaleimide-sensitive factor attachment protein beta)	NAPB SNAPB	Homo sapiens (Human)	298
Q9Y6Q9	Q9Y6Q9	NCOA3_HUMAN	reviewed	Nuclear receptor coactivator 3 (NCoA-3) (EC 2.3.1.48) (ACTR) (Amplified in breast cancer 1 protein) (AIB-1) (CBP-interacting protein) (pCIP) (Class E basic helix-loop-helix protein 42) (bHLHe42) (Receptor-associated coactivator 3) (RAC-3) (Steroid receptor coactivator protein 3) (SRC-3) (Thyroid hormone receptor activator molecule 1) (TRAM-1)	NCOA3 AIB1 BHLHE42 RAC3 TRAM1	Homo sapiens (Human)	1424
Q9HCD5	Q9HCD5	NCOA5_HUMAN	reviewed	Nuclear receptor coactivator 5 (NCoA-5) (Coactivator independent of AF-2) (CIA)	NCOA5 KIAA1637	Homo sapiens (Human)	579
Q14686	Q14686	NCOA6_HUMAN	reviewed	Nuclear receptor coactivator 6 (Activating signal cointegrator 2) (ASC-2) (Amplified in breast cancer protein 3) (Cancer-amplified transcriptional coactivator ASC-2) (Nuclear receptor coactivator RAP250) (NRC RAP250) (Nuclear receptor-activating protein, 250 kDa) (Peroxisome proliferator-activated receptor-interacting protein) (PPAR-interacting protein) (PRIP) (Thyroid hormone receptor-binding protein)	NCOA6 AIB3 KIAA0181 RAP250 TRBP	Homo sapiens (Human)	2063
Q9UGV2	Q9UGV2	NDRG3_HUMAN	reviewed	Protein NDRG3 (N-myc downstream-regulated gene 3 protein)	NDRG3	Homo sapiens (Human)	375
Q5TEU4	Q5TEU4	NDUF5_HUMAN	reviewed	Arginine-hydroxylase NDUFAF5, mitochondrial (EC 1.-.-.-) (NADH dehydrogenase [ubiquinone] 1 alpha subcomplex assembly factor 5) (Putative methyltransferase NDUFAF5) (EC 2.1.1.-)	NDUFAF5 C20orf7	Homo sapiens (Human)	345
Q96P71	Q96P71	NECA3_HUMAN	reviewed	N-terminal EF-hand calcium-binding protein 3 (Amyloid-beta A4 protein-binding family A member 2-binding protein) (Nek2-interacting protein 1) (Neuronal calcium-binding protein 3) (X11L-binding protein 51)	NECAB3 APBA2BP NIP1 SYTIP2 XB51	Homo sapiens (Human)	396
Q8IXH7	Q8IXH7	NELFD_HUMAN	reviewed	Negative elongation factor C/D (NELF-C/D) (TH1-like protein)	NELFCD NELFD TH1 TH1L HSPC130	Homo sapiens (Human)	590
Q9BR09	Q9BR09	NEUL2_HUMAN	reviewed	Neuralized-like protein 2	NEURL2 C20orf163	Homo sapiens (Human)	285
Q13469	Q13469	NFAC2_HUMAN	reviewed	Nuclear factor of activated T-cells, cytoplasmic 2 (NF-ATc2) (NFATc2) (NFAT pre-existing subunit) (NF-ATp) (T-cell transcription factor NFAT1)	NFATC2 NFAT1 NFATP	Homo sapiens (Human)	925
Q9Y697	Q9Y697	NFS1_HUMAN	reviewed	Cysteine desulfurase, mitochondrial (EC 2.8.1.7)	NFS1 NIFS HUSSY-08	Homo sapiens (Human)	457
Q9Y2I6	Q9Y2I6	NINL_HUMAN	reviewed	Ninein-like protein	NINL KIAA0980 NLP	Homo sapiens (Human)	1382
Q8IVV8	Q8IVV8	NKAI4_HUMAN	reviewed	Sodium/potassium-transporting ATPase subunit beta-1-interacting protein 4 (Na(+)/K(+)-transporting ATPase subunit beta-1-interacting protein 4) (Protein FAM77A)	NKAIN4 C20orf58 FAM77A	Homo sapiens (Human)	208
O95096	O95096	NKX22_HUMAN	reviewed	Homeobox protein Nkx-2.2 (Homeobox protein NK-2 homolog B)	NKX2-2 NKX2.2 NKX2B	Homo sapiens (Human)	273
Q9H2Z4	Q9H2Z4	NKX24_HUMAN	reviewed	Homeobox protein Nkx-2.4 (Homeobox protein NK-2 homolog D)	NKX2-4 NKX2D	Homo sapiens (Human)	354
Q16517	Q16517	NNAT_HUMAN	reviewed	Neuronatin	NNAT	Homo sapiens (Human)	81
Q96MY1	Q96MY1	NOL4L_HUMAN	reviewed	Nucleolar protein 4-like	NOL4L C20orf112 C20orf113	Homo sapiens (Human)	436
O00567	O00567	NOP56_HUMAN	reviewed	Nucleolar protein 56 (Nucleolar protein 5A)	NOP56 NOL5A	Homo sapiens (Human)	594
P48146	P48146	NPBW2_HUMAN	reviewed	Neuropeptides B/W receptor type 2 (G-protein coupled receptor 8)	NPBWR2 GPR8	Homo sapiens (Human)	333
Q8NDH3	Q8NDH3	PEPL1_HUMAN	reviewed	Probable aminopeptidase NPEPL1 (EC 3.4.11.-) (Aminopeptidase-like 1)	NPEPL1 KIAA1974	Homo sapiens (Human)	523
Q9GZP1	Q9GZP1	NRSN2_HUMAN	reviewed	Neurensin-2	NRSN2 C20orf98	Homo sapiens (Human)	204
Q9UNZ2	Q9UNZ2	NSF1C_HUMAN	reviewed	NSFL1 cofactor p47 (UBX domain-containing protein 2C) (p97 cofactor p47)	NSFL1C UBXN2C	Homo sapiens (Human)	370
P30989	P30989	NTR1_HUMAN	reviewed	Neurotensin receptor type 1 (NT-R-1) (NTR1) (High-affinity levocabastine-insensitive neurotensin receptor) (NTRH)	NTSR1 NTRR	Homo sapiens (Human)	418
Q9UKK6	Q9UKK6	NXT1_HUMAN	reviewed	NTF2-related export protein 1 (Protein p15)	NXT1	Homo sapiens (Human)	140
Q9BR26	Q9BR26	OCSTP_HUMAN	reviewed	Osteoclast stimulatory transmembrane protein (OC-STAMP)	OCSTAMP C20orf123	Homo sapiens (Human)	566
Q9NZT2	Q9NZT2	OGFR_HUMAN	reviewed	Opioid growth factor receptor (OGFr) (Protein 7-60) (Zeta-type opioid receptor)	OGFR	Homo sapiens (Human)	677
P41146	P41146	OPRX_HUMAN	reviewed	Nociceptin receptor (Kappa-type 3 opioid receptor) (KOR-3) (Orphanin FQ receptor)	OPRL1 OOR ORL1	Homo sapiens (Human)	370
Q9H1P3	Q9H1P3	OSBL2_HUMAN	reviewed	Oxysterol-binding protein-related protein 2 (ORP-2) (OSBP-related protein 2)	OSBPL2 KIAA0772 ORP2	Homo sapiens (Human)	480
Q9NX31	Q9NX31	OSER1_HUMAN	reviewed	Oxidative stress-responsive serine-rich protein 1 (Oxidative stress-responsive protein 1) (Peroxide-inducible transcript 1 protein)	OSER1 C20orf111 BM-038 HSPC168 HSPC207	Homo sapiens (Human)	292
Q9NRC9	Q9NRC9	OTOR_HUMAN	reviewed	Otoraplin (Fibrocyte-derived protein) (Melanoma inhibitory activity-like protein)	OTOR FDP MIAL UNQ3054/PRO9873	Homo sapiens (Human)	128
Q9BRP0	Q9BRP0	OVOL2_HUMAN	reviewed	Transcription factor Ovo-like 2 (hOvo2) (Zinc finger protein 339)	OVOL2 ZNF339	Homo sapiens (Human)	275
P01178	P01178	NEU1_HUMAN	reviewed	Oxytocin-neurophysin 1 (OT-NPI) [Cleaved into: Oxytocin (Ocytocin); Neurophysin 1]	OXT OT	Homo sapiens (Human)	125
Q4VXU2	Q4VXU2	PAP1L_HUMAN	reviewed	Polyadenylate-binding protein 1-like	PABPC1L C20orf119	Homo sapiens (Human)	614
Q9P286	Q9P286	PAK5_HUMAN	reviewed	Serine/threonine-protein kinase PAK 5 (EC 2.7.11.1) (p21-activated kinase 5) (PAK-5) (p21-activated kinase 7) (PAK-7)	PAK5 KIAA1264 PAK7	Homo sapiens (Human)	719
Q9BZ23	Q9BZ23	PANK2_HUMAN	reviewed	Pantothenate kinase 2, mitochondrial (hPanK2) (EC 2.7.1.33) (Pantothenic acid kinase 2)	PANK2 C20orf48	Homo sapiens (Human)	570
Q9BYG5	Q9BYG5	PAR6B_HUMAN	reviewed	Partitioning defective 6 homolog beta (PAR-6 beta) (PAR-6B)	PARD6B PAR6B	Homo sapiens (Human)	372
P15863	P15863	PAX1_HUMAN	reviewed	Paired box protein Pax-1 (HuP48)	PAX1 HUP48	Homo sapiens (Human)	534
Q9H1Q7	Q9H1Q7	PED1A_HUMAN	reviewed	PC-esterase domain-containing protein 1A (Protein FAM113A) (Sarcoma antigen NY-SAR-23)	PCED1A C20orf81 FAM113A	Homo sapiens (Human)	454
Q9H4Z3	Q9H4Z3	PCIF1_HUMAN	reviewed	Phosphorylated CTD-interacting factor 1	PCIF1 C20orf67	Homo sapiens (Human)	704
P35558	P35558	PCKGC_HUMAN	reviewed	Phosphoenolpyruvate carboxykinase, cytosolic [GTP] (PEPCK-C) (EC 4.1.1.32)	PCK1 PEPCK1	Homo sapiens (Human)	622
Q9NV79	Q9NV79	PCMD2_HUMAN	reviewed	Protein-L-isoaspartate O-methyltransferase domain-containing protein 2	PCMTD2 C20orf36	Homo sapiens (Human)	361
P12004	P12004	PCNA_HUMAN	reviewed	Proliferating cell nuclear antigen (PCNA) (Cyclin)	PCNA	Homo sapiens (Human)	261
P16519	P16519	NEC2_HUMAN	reviewed	Neuroendocrine convertase 2 (NEC 2) (EC 3.4.21.94) (KEX2-like endoprotease 2) (Prohormone convertase 2) (Proprotein convertase 2) (PC2)	PCSK2 NEC2	Homo sapiens (Human)	638
Q9NUG6	Q9NUG6	PDRG1_HUMAN	reviewed	p53 and DNA damage-regulated protein 1	PDRG1 C20orf126 PDRG	Homo sapiens (Human)	133
P01213	P01213	PDYN_HUMAN	reviewed	Proenkephalin-B (Beta-neoendorphin-dynorphin) (Preprodynorphin) [Cleaved into: Alpha-neoendorphin; Beta-neoendorphin; Big dynorphin (Big Dyn); Dynorphin A(1-17) (Dyn-A17) (Dynorphin A); Dynorphin A(1-13); Dynorphin A(1-8); Leu-enkephalin; Rimorphin (Dynorphin B) (Dyn-B) (Dynorphin B(1-13)); Leumorphin (Dynorphin B-29)]	PDYN	Homo sapiens (Human)	254
Q6UWS5	Q6UWS5	PT117_HUMAN	reviewed	Protein PET117 homolog, mitochondrial	PET117 UNQ607/PRO1194	Homo sapiens (Human)	81
Q9NQP4	Q9NQP4	PFD4_HUMAN	reviewed	Prefoldin subunit 4 (Protein C-1)	PFDN4 PFD4	Homo sapiens (Human)	134
Q96KR7	Q96KR7	PHAR3_HUMAN	reviewed	Phosphatase and actin regulator 3 (Scaffold-associated PP1-inhibiting protein) (Scapinin)	PHACTR3 C20orf101 SCAPIN1	Homo sapiens (Human)	559
Q9BVI0	Q9BVI0	PHF20_HUMAN	reviewed	PHD finger protein 20 (Glioma-expressed antigen 2) (Hepatocellular carcinoma-associated antigen 58) (Novel zinc finger protein) (Transcription factor TZP)	PHF20 C20orf104 GLEA2 HCA58 NZF TZP	Homo sapiens (Human)	1012
P19957	P19957	ELAF_HUMAN	reviewed	Elafin (Elastase-specific inhibitor) (ESI) (Peptidase inhibitor 3) (PI-3) (Protease inhibitor WAP3) (Skin-derived antileukoproteinase) (SKALP) (WAP four-disulfide core domain protein 14)	PI3 WAP3 WFDC14	Homo sapiens (Human)	117
Q969N2	Q969N2	PIGT_HUMAN	reviewed	GPI transamidase component PIG-T (Phosphatidylinositol-glycan biosynthesis class T protein)	PIGT CGI-06 PSEC0163 UNQ716/PRO1379	Homo sapiens (Human)	578
Q9H490	Q9H490	PIGU_HUMAN	reviewed	Phosphatidylinositol glycan anchor biosynthesis class U protein (Cell division cycle protein 91-like 1) (Protein CDC91-like 1) (GPI transamidase component PIG-U)	PIGU CDC91L1 PSEC0205 UNQ3055/PRO9875	Homo sapiens (Human)	435
Q9Y2B9	Q9Y2B9	IPKG_HUMAN	reviewed	cAMP-dependent protein kinase inhibitor gamma (PKI-gamma)	PKIG	Homo sapiens (Human)	76
Q9UPG8	Q9UPG8	PLAL2_HUMAN	reviewed	Zinc finger protein PLAGL2 (Pleiomorphic adenoma-like protein 2)	PLAGL2 KIAA0198	Homo sapiens (Human)	496
Q9NQ66	Q9NQ66	PLCB1_HUMAN	reviewed	1-phosphatidylinositol 4,5-bisphosphate phosphodiesterase beta-1 (EC 3.1.4.11) (PLC-154) (Phosphoinositide phospholipase C-beta-1) (Phospholipase C-I) (PLC-I) (Phospholipase C-beta-1) (PLC-beta-1)	PLCB1 KIAA0581	Homo sapiens (Human)	1216
Q15147	Q15147	PLCB4_HUMAN	reviewed	1-phosphatidylinositol 4,5-bisphosphate phosphodiesterase beta-4 (EC 3.1.4.11) (Phosphoinositide phospholipase C-beta-4) (Phospholipase C-beta-4) (PLC-beta-4)	PLCB4	Homo sapiens (Human)	1175
P19174	P19174	PLCG1_HUMAN	reviewed	1-phosphatidylinositol 4,5-bisphosphate phosphodiesterase gamma-1 (EC 3.1.4.11) (PLC-148) (Phosphoinositide phospholipase C-gamma-1) (Phospholipase C-II) (PLC-II) (Phospholipase C-gamma-1) (PLC-gamma-1)	PLCG1 PLC1	Homo sapiens (Human)	1290
P55058	P55058	PLTP_HUMAN	reviewed	Phospholipid transfer protein (Lipid transfer protein II)	PLTP	Homo sapiens (Human)	493
Q969W9	Q969W9	PMEPA_HUMAN	reviewed	Protein TMEPAI (Prostate transmembrane protein androgen induced 1) (Solid tumor-associated 1 protein) (Transmembrane prostate androgen-induced protein)	PMEPA1 STAG1 TMEPAI	Homo sapiens (Human)	287
Q9H488	Q9H488	OFUT1_HUMAN	reviewed	GDP-fucose protein O-fucosyltransferase 1 (EC 2.4.1.221) (Peptide-O-fucosyltransferase 1) (O-FucT-1)	POFUT1 FUT12 KIAA0180	Homo sapiens (Human)	388
Q9H1D9	Q9H1D9	RPC6_HUMAN	reviewed	DNA-directed RNA polymerase III subunit RPC6 (RNA polymerase III subunit C6) (DNA-directed RNA polymerase III subunit F) (RNA polymerase III 39 kDa subunit) (RPC39)	POLR3F	Homo sapiens (Human)	316
Q9H3Y8	Q9H3Y8	PPDPF_HUMAN	reviewed	Pancreatic progenitor cell differentiation and proliferation factor (Exocrine differentiation and proliferation factor)	PPDPF C20orf149 EXPDF	Homo sapiens (Human)	114
O95685	O95685	PPR3D_HUMAN	reviewed	Protein phosphatase 1 regulatory subunit 3D (Protein phosphatase 1 regulatory subunit 6) (PP1 subunit R6) (Protein phosphatase 1-binding subunit R6)	PPP1R3D PPP1R6	Homo sapiens (Human)	299
Q96T49	Q96T49	PP16B_HUMAN	reviewed	Protein phosphatase 1 regulatory inhibitor subunit 16B (Ankyrin repeat domain-containing protein 4) (CAAX box protein TIMAP) (TGF-beta-inhibited membrane-associated protein) (hTIMAP)	PPP1R16B ANKRD4 KIAA0823	Homo sapiens (Human)	567
Q9Y3B1	Q9Y3B1	PLD3B_HUMAN	reviewed	PRELI domain containing protein 3B (Protein slowmo homolog 2)	PRELID3B C20orf45 SLMO2 CGI-107	Homo sapiens (Human)	194
Q8TCU6	Q8TCU6	PREX1_HUMAN	reviewed	Phosphatidylinositol 3,4,5-trisphosphate-dependent Rac exchanger 1 protein (P-Rex1) (PtdIns(3,4,5)-dependent Rac exchanger 1)	PREX1 KIAA1415	Homo sapiens (Human)	1659
Q9UKY0	Q9UKY0	PRND_HUMAN	reviewed	Prion-like protein doppel (PrPLP) (Prion protein 2)	PRND DPL UNQ1830/PRO3443	Homo sapiens (Human)	176
F7VJQ1	F7VJQ1	APRIO_HUMAN	reviewed	Alternative prion protein (AltPrP)	PRNP ALTPRP PRIP PRP	Homo sapiens (Human)	73
P04156	P04156	PRIO_HUMAN	reviewed	Major prion protein (PrP) (ASCR) (PrP27-30) (PrP33-35C) (CD antigen CD230)	PRNP ALTPRP PRIP PRP	Homo sapiens (Human)	253
Q9UNN8	Q9UNN8	EPCR_HUMAN	reviewed	Endothelial protein C receptor (Activated protein C receptor) (APC receptor) (Endothelial cell protein C receptor) (CD antigen CD201)	PROCR EPCR	Homo sapiens (Human)	238
Q8NFJ6	Q8NFJ6	PKR2_HUMAN	reviewed	Prokineticin receptor 2 (PK-R2) (G-protein coupled receptor 73-like 1) (G-protein coupled receptor I5E) (GPR73b) (GPRg2)	PROKR2 GPR73L1 PKR2	Homo sapiens (Human)	384
O94906	O94906	PRP6_HUMAN	reviewed	Pre-mRNA-processing factor 6 (Androgen receptor N-terminal domain-transactivating protein 1) (ANT-1) (PRP6 homolog) (U5 snRNP-associated 102 kDa protein) (U5-102 kDa protein)	PRPF6 C20orf14	Homo sapiens (Human)	941
O14818	O14818	PSA7_HUMAN	reviewed	Proteasome subunit alpha type-7 (EC 3.4.25.1) (Proteasome subunit RC6-1) (Proteasome subunit XAPC7)	PSMA7 HSPC	Homo sapiens (Human)	248
Q92530	Q92530	PSMF1_HUMAN	reviewed	Proteasome inhibitor PI31 subunit (hPI31)	PSMF1	Homo sapiens (Human)	271
Q16647	Q16647	PTGIS_HUMAN	reviewed	Prostacyclin synthase (EC 5.3.99.4) (Prostaglandin I2 synthase)	PTGIS CYP8 CYP8A1	Homo sapiens (Human)	500
Q13882	Q13882	PTK6_HUMAN	reviewed	Protein-tyrosine kinase 6 (EC 2.7.10.2) (Breast tumor kinase) (Tyrosine-protein kinase BRK)	PTK6 BRK	Homo sapiens (Human)	451
P18031	P18031	PTN1_HUMAN	reviewed	Tyrosine-protein phosphatase non-receptor type 1 (EC 3.1.3.48) (Protein-tyrosine phosphatase 1B) (PTP-1B)	PTPN1 PTP1B	Homo sapiens (Human)	435
P18433	P18433	PTPRA_HUMAN	reviewed	Receptor-type tyrosine-protein phosphatase alpha (Protein-tyrosine phosphatase alpha) (R-PTP-alpha) (EC 3.1.3.48)	PTPRA PTPA PTPRL2	Homo sapiens (Human)	802
O14522	O14522	PTPRT_HUMAN	reviewed	Receptor-type tyrosine-protein phosphatase T (R-PTP-T) (EC 3.1.3.48) (Receptor-type tyrosine-protein phosphatase rho) (RPTP-rho)	PTPRT KIAA0283	Homo sapiens (Human)	1441
Q9Y6I8	Q9Y6I8	PXMP4_HUMAN	reviewed	Peroxisomal membrane protein 4 (24 kDa peroxisomal intrinsic membrane protein)	PXMP4 PMP24	Homo sapiens (Human)	212
P11216	P11216	PYGB_HUMAN	reviewed	Glycogen phosphorylase, brain form (EC 2.4.1.1)	PYGB	Homo sapiens (Human)	843
Q9H3Y0	Q9H3Y0	CRSPL_HUMAN	reviewed	Peptidase inhibitor R3HDML (Cysteine-rich secretory protein R3HDML)	R3HDML	Homo sapiens (Human)	253
Q9BUV8	Q9BUV8	CT024_HUMAN	reviewed	Uncharacterized protein C20orf24 (Rab5-interacting protein) (RIP5)	C20orf24 PNAS-11	Homo sapiens (Human)	137
Q9UL26	Q9UL26	RB22A_HUMAN	reviewed	Ras-related protein Rab-22A (Rab-22)	RAB22A RAB22	Homo sapiens (Human)	194
Q9H4I0	Q9H4I0	RD21L_HUMAN	reviewed	Double-strand-break repair protein rad21-like protein 1	RAD21L1 RAD21L	Homo sapiens (Human)	556
P78406	P78406	RAE1L_HUMAN	reviewed	mRNA export factor (Rae1 protein homolog) (mRNA-associated protein mrnp 41)	RAE1 MRNP41	Homo sapiens (Human)	368
Q2PPJ7	Q2PPJ7	RGPA2_HUMAN	reviewed	Ral GTPase-activating protein subunit alpha-2 (250 kDa substrate of Akt) (AS250) (p220)	RALGAPA2 C20orf74 KIAA1272	Homo sapiens (Human)	1873
Q86X10	Q86X10	RLGPB_HUMAN	reviewed	Ral GTPase-activating protein subunit beta (p170)	RALGAPB KIAA1219	Homo sapiens (Human)	1494
Q9UKM9	Q9UKM9	RALY_HUMAN	reviewed	RNA-binding protein Raly (Autoantigen p542) (Heterogeneous nuclear ribonucleoprotein C-like 2) (hnRNP core protein C-like 2) (hnRNP associated with lethal yellow protein homolog)	RALY HNRPCL2 P542	Homo sapiens (Human)	306
P50749	P50749	RASF2_HUMAN	reviewed	Ras association domain-containing protein 2	RASSF2 CENP-34 KIAA0168	Homo sapiens (Human)	326
Q8NC74	Q8NC74	RB8NL_HUMAN	reviewed	RBBP8 N-terminal-like protein	RBBP8NL C20orf151	Homo sapiens (Human)	664
O75884	O75884	RBBP9_HUMAN	reviewed	Putative hydrolase RBBP9 (EC 3.-.-.-) (B5T-overexpressed gene protein) (Protein BOG) (Retinoblastoma-binding protein 10) (RBBP-10) (Retinoblastoma-binding protein 9) (RBBP-9)	RBBP9 BOG RBBP10	Homo sapiens (Human)	186
Q9BYM8	Q9BYM8	HOIL1_HUMAN	reviewed	RanBP-type and C3HC4-type zinc finger-containing protein 1 (EC 2.3.2.27) (HBV-associated factor 4) (Heme-oxidized IRP2 ubiquitin ligase 1) (HOIL-1) (Hepatitis B virus X-associated protein 4) (RING finger protein 54) (RING-type E3 ubiquitin transferase HOIL-1) (Ubiquitin-conjugating enzyme 7-interacting protein 3)	RBCK1 C20orf18 RNF54 UBCE7IP3 XAP3 XAP4	Homo sapiens (Human)	510
P28749	P28749	RBL1_HUMAN	reviewed	Retinoblastoma-like protein 1 (107 kDa retinoblastoma-associated protein) (p107) (pRb1)	RBL1	Homo sapiens (Human)	1068
Q9NTZ6	Q9NTZ6	RBM12_HUMAN	reviewed	RNA-binding protein 12 (RNA-binding motif protein 12) (SH3/WW domain anchor protein in the nucleus) (SWAN)	RBM12 KIAA0765 HRIHFB2091	Homo sapiens (Human)	932
Q9H0Z9	Q9H0Z9	RBM38_HUMAN	reviewed	RNA-binding protein 38 (CLL-associated antigen KW-5) (HSRNASEB) (RNA-binding motif protein 38) (RNA-binding region-containing protein 1) (ssDNA-binding protein SEB4)	RBM38 RNPC1 SEB4	Homo sapiens (Human)	239
Q14498	Q14498	RBM39_HUMAN	reviewed	RNA-binding protein 39 (CAPER alpha) (Hepatocellular carcinoma protein 1) (RNA-binding motif protein 39) (RNA-binding region-containing protein 2) (Splicing factor HCC1)	RBM39 HCC1 RNPC2	Homo sapiens (Human)	530
Q9UBG7	Q9UBG7	RBPJL_HUMAN	reviewed	Recombining binding protein suppressor of hairless-like protein (Transcription factor RBP-L)	RBPJL RBPL RBPSUHL	Homo sapiens (Human)	517
O75628	O75628	REM1_HUMAN	reviewed	GTP-binding protein REM 1 (GTPase-regulating endothelial cell sprouting) (Rad and Gem-like GTP-binding protein 1)	REM1 GES REM	Homo sapiens (Human)	298
P49795	P49795	RGS19_HUMAN	reviewed	Regulator of G-protein signaling 19 (RGS19) (G-alpha-interacting protein) (GAIP)	RGS19 GAIP GNAI3IP	Homo sapiens (Human)	217
Q9H426	Q9H426	RIMS4_HUMAN	reviewed	Regulating synaptic membrane exocytosis protein 4 (RIM4 gamma) (Rab3-interacting molecule 4) (RIM 4)	RIMS4 C20orf190	Homo sapiens (Human)	269
Q8WYP3	Q8WYP3	RIN2_HUMAN	reviewed	Ras and Rab interactor 2 (Ras association domain family 4) (Ras inhibitor JC265) (Ras interaction/interference protein 2)	RIN2 RASSF4	Homo sapiens (Human)	895
Q96MK2	Q96MK2	RIPR3_HUMAN	reviewed	RIPOR family member 3	RIPOR3 C20orf175 C20orf176 FAM65C	Homo sapiens (Human)	946
Q9Y225	Q9Y225	RNF24_HUMAN	reviewed	RING finger protein 24	RNF24	Homo sapiens (Human)	148
Q9Y508	Q9Y508	RN114_HUMAN	reviewed	E3 ubiquitin-protein ligase RNF114 (EC 2.3.2.27) (RING finger protein 114) (RING-type E3 ubiquitin transferase RNF114) (Zinc finger protein 228) (Zinc finger protein 313)	RNF114 ZNF228 ZNF313	Homo sapiens (Human)	228
P60602	P60602	ROMO1_HUMAN	reviewed	Reactive oxygen species modulator 1 (ROS modulator 1) (Epididymis tissue protein Li 175) (Glyrichin) (Mitochondrial targeting GxxxG motif protein) (MTGM) (Protein MGR2 homolog)	ROMO1 C20orf52	Homo sapiens (Human)	79
P04844	P04844	RPN2_HUMAN	reviewed	Dolichyl-diphosphooligosaccharide--protein glycosyltransferase subunit 2 (Dolichyl-diphosphooligosaccharide--protein glycosyltransferase 63 kDa subunit) (RIBIIR) (Ribophorin II) (RPN-II) (Ribophorin-2)	RPN2	Homo sapiens (Human)	631
Q9NQG5	Q9NQG5	RPR1B_HUMAN	reviewed	Regulation of nuclear pre-mRNA domain-containing protein 1B (Cell cycle-related and expression-elevated protein in tumor)	RPRD1B C20orf77 CREPT	Homo sapiens (Human)	326
P63220	P63220	RS21_HUMAN	reviewed	40S ribosomal protein S21 (Small ribosomal subunit protein eS21)	RPS21	Homo sapiens (Human)	83
Q9P2E9	Q9P2E9	RRBP1_HUMAN	reviewed	Ribosome-binding protein 1 (180 kDa ribosome receptor homolog) (RRp) (ES/130-related protein) (Ribosome receptor protein)	RRBP1 KIAA1398	Homo sapiens (Human)	1410
Q2I0M5	Q2I0M5	RSPO4_HUMAN	reviewed	R-spondin-4 (Roof plate-specific spondin-4) (hRspo4)	RSPO4 C20orf182	Homo sapiens (Human)	234
Q9NZ71	Q9NZ71	RTEL1_HUMAN	reviewed	Regulator of telomere elongation helicase 1 (EC 3.6.4.12) (Novel helicase-like)	RTEL1 C20orf41 KIAA1088 NHL	Homo sapiens (Human)	1219
Q9BY42	Q9BY42	RTF2_HUMAN	reviewed	Protein RTF2 homolog (Replication termination factor 2 domain-containing protein 1)	RTFDC1 C20orf43 AD-007 CDA05 HSPC164 HSPC169	Homo sapiens (Human)	306
Q9UJQ4	Q9UJQ4	SALL4_HUMAN	reviewed	Sal-like protein 4 (Zinc finger protein 797) (Zinc finger protein SALL4)	SALL4 ZNF797	Homo sapiens (Human)	1053
Q9BYL1	Q9BYL1	SAM10_HUMAN	reviewed	Sterile alpha motif domain-containing protein 10 (SAM domain-containing protein 10)	SAMD10 C20orf136	Homo sapiens (Human)	202
Q9Y3Z3	Q9Y3Z3	SAMH1_HUMAN	reviewed	Deoxynucleoside triphosphate triphosphohydrolase SAMHD1 (dNTPase) (EC 3.1.5.-) (Dendritic cell-derived IFNG-induced protein) (DCIP) (Monocyte protein 5) (MOP-5) (SAM domain and HD domain-containing protein 1)	SAMHD1 MOP5	Homo sapiens (Human)	626
P57086	P57086	SCND1_HUMAN	reviewed	SCAN domain-containing protein 1	SCAND1 SDP1	Homo sapiens (Human)	179
Q9UJQ7	Q9UJQ7	SCP2D_HUMAN	reviewed	SCP2 sterol-binding domain-containing protein 1	SCP2D1 C20orf79	Homo sapiens (Human)	156
Q9NQ03	Q9NQ03	SCRT2_HUMAN	reviewed	Transcriptional repressor scratch 2 (Scratch homolog 2 zinc finger protein)	SCRT2 FP7030	Homo sapiens (Human)	307
P31431	P31431	SDC4_HUMAN	reviewed	Syndecan-4 (SYND4) (Amphiglycan) (Ryudocan core protein)	SDC4	Homo sapiens (Human)	198
Q9H190	Q9H190	SDCB2_HUMAN	reviewed	Syntenin-2 (Similar to TACIP18) (SITAC) (Syndecan-binding protein 2)	SDCBP2 SITAC18	Homo sapiens (Human)	292
Q15437	Q15437	SC23B_HUMAN	reviewed	Protein transport protein Sec23B (hSec23B) (SEC23-related protein B)	SEC23B	Homo sapiens (Human)	767
Q5TEA6	Q5TEA6	SE1L2_HUMAN	reviewed	Protein sel-1 homolog 2 (Suppressor of lin-12-like protein 2) (Sel-1L2)	SEL1L2 C20orf50	Homo sapiens (Human)	688
P04279	P04279	SEMG1_HUMAN	reviewed	Semenogelin-1 (Cancer/testis antigen 103) (Semenogelin I) (SGI) [Cleaved into: Alpha-inhibin-92; Alpha-inhibin-31; Seminal basic protein]	SEMG1 SEMG	Homo sapiens (Human)	462
Q02383	Q02383	SEMG2_HUMAN	reviewed	Semenogelin-2 (Semenogelin II) (SGII)	SEMG2	Homo sapiens (Human)	582
Q13530	Q13530	SERC3_HUMAN	reviewed	Serine incorporator 3 (Tumor differentially expressed protein 1)	SERINC3 DIFF33 TDE1 SBBI99	Homo sapiens (Human)	473
Q9HBY8	Q9HBY8	SGK2_HUMAN	reviewed	Serine/threonine-protein kinase Sgk2 (EC 2.7.11.1) (Serum/glucocorticoid-regulated kinase 2)	SGK2	Homo sapiens (Human)	427
Q9BZZ2	Q9BZZ2	SN_HUMAN	reviewed	Sialoadhesin (Sialic acid-binding Ig-like lectin 1) (Siglec-1) (CD antigen CD169)	SIGLEC1 SN	Homo sapiens (Human)	1709
P78324	P78324	SHPS1_HUMAN	reviewed	Tyrosine-protein phosphatase non-receptor type substrate 1 (SHP substrate 1) (SHPS-1) (Brain Ig-like molecule with tyrosine-based activation motifs) (Bit) (CD172 antigen-like family member A) (Inhibitory receptor SHPS-1) (Macrophage fusion receptor) (MyD-1 antigen) (Signal-regulatory protein alpha-1) (Sirp-alpha-1) (Signal-regulatory protein alpha-2) (Sirp-alpha-2) (Signal-regulatory protein alpha-3) (Sirp-alpha-3) (p84) (CD antigen CD172a)	SIRPA BIT MFR MYD1 PTPNS1 SHPS1 SIRP	Homo sapiens (Human)	504
O00241	O00241	SIRB1_HUMAN	reviewed	Signal-regulatory protein beta-1 (SIRP-beta-1) (CD172 antigen-like family member B) (CD antigen CD172b)	SIRPB1	Homo sapiens (Human)	398
Q5TFQ8	Q5TFQ8	SIRBL_HUMAN	reviewed	Signal-regulatory protein beta-1 isoform 3 (SIRP-beta-1 isoform 3)	SIRPB1	Homo sapiens (Human)	398
Q5JXA9	Q5JXA9	SIRB2_HUMAN	reviewed	Signal-regulatory protein beta-2 (SIRP-beta-2) (Protein tyrosine phosphatase non-receptor type substrate 1-like 3) (Protein tyrosine phosphatase non-receptor type substrate protein)	SIRPB2 PTPN1L PTPNS1L3	Homo sapiens (Human)	342
Q9H106	Q9H106	SIRPD_HUMAN	reviewed	Signal-regulatory protein delta (SIRP-delta) (Protein tyrosine phosphatase non-receptor type substrate 1-like 2)	SIRPD PTPNS1L2	Homo sapiens (Human)	197
Q9P1W8	Q9P1W8	SIRPG_HUMAN	reviewed	Signal-regulatory protein gamma (SIRP-gamma) (CD172 antigen-like family member B) (Signal-regulatory protein beta-2) (SIRP-b2) (SIRP-beta-2) (CD antigen CD172g)	SIRPG SIRPB2	Homo sapiens (Human)	387
Q9H6Q3	Q9H6Q3	SLAP2_HUMAN	reviewed	Src-like-adapter 2 (Modulator of antigen receptor signaling) (MARS) (Src-like adapter protein 2) (SLAP-2)	SLA2 C20orf156 SLAP2	Homo sapiens (Human)	261
Q9NR83	Q9NR83	S2A4R_HUMAN	reviewed	SLC2A4 regulator (GLUT4 enhancer factor) (GEF) (Huntington disease gene regulatory region-binding protein 1) (HDBP-1)	SLC2A4RG HDBP1	Homo sapiens (Human)	387
O95528	O95528	GTR10_HUMAN	reviewed	Solute carrier family 2, facilitated glucose transporter member 10 (Glucose transporter type 10) (GLUT-10)	SLC2A10 GLUT10	Homo sapiens (Human)	541
Q8NBS3	Q8NBS3	S4A11_HUMAN	reviewed	Sodium bicarbonate transporter-like protein 11 (Bicarbonate transporter-related protein 1) (Sodium borate cotransporter 1) (NaBC1) (Solute carrier family 4 member 11)	SLC4A11 BTR1	Homo sapiens (Human)	891
Q9Y2E8	Q9Y2E8	SL9A8_HUMAN	reviewed	Sodium/hydrogen exchanger 8 (Na(+)/H(+) exchanger 8) (NHE-8) (Solute carrier family 9 member 8)	SLC9A8 KIAA0939 NHE8	Homo sapiens (Human)	581
Q9H2X9	Q9H2X9	S12A5_HUMAN	reviewed	Solute carrier family 12 member 5 (Electroneutral potassium-chloride cotransporter 2) (K-Cl cotransporter 2) (hKCC2) (Neuronal K-Cl cotransporter)	SLC12A5 KCC2 KIAA1176	Homo sapiens (Human)	1139
Q8WWT9	Q8WWT9	S13A3_HUMAN	reviewed	Solute carrier family 13 member 3 (Na(+)/dicarboxylate cotransporter 3) (NaDC-3) (hNaDC3) (Sodium-dependent high-affinity dicarboxylate transporter 2)	SLC13A3 NADC3 SDCT2	Homo sapiens (Human)	602
Q9BYT1	Q9BYT1	S17A9_HUMAN	reviewed	Solute carrier family 17 member 9	SLC17A9 C20orf59	Homo sapiens (Human)	436
Q9UGH3	Q9UGH3	S23A2_HUMAN	reviewed	Solute carrier family 23 member 2 (Na(+)/L-ascorbic acid transporter 2) (Nucleobase transporter-like 1 protein) (Sodium-dependent vitamin C transporter 2) (hSVCT2) (Yolk sac permease-like molecule 2)	SLC23A2 KIAA0238 NBTL1 SLC23A1 SVCT2 YSPL2	Homo sapiens (Human)	650
Q9HC58	Q9HC58	NCKX3_HUMAN	reviewed	Sodium/potassium/calcium exchanger 3 (Na(+)/K(+)/Ca(2+)-exchange protein 3) (Solute carrier family 24 member 3)	SLC24A3 NCKX3	Homo sapiens (Human)	644
Q9H598	Q9H598	VIAAT_HUMAN	reviewed	Vesicular inhibitory amino acid transporter (GABA and glycine transporter) (Solute carrier family 32 member 1) (Vesicular GABA transporter) (hVIAAT)	SLC32A1 VGAT VIAAT	Homo sapiens (Human)	525
Q9NQQ7	Q9NQQ7	S35C2_HUMAN	reviewed	Solute carrier family 35 member C2 (Ovarian cancer-overexpressed gene 1 protein)	SLC35C2 C20orf5 OVCOV1 CGI-15	Homo sapiens (Human)	365
Q9NQ40	Q9NQ40	S52A3_HUMAN	reviewed	Solute carrier family 52, riboflavin transporter, member 3 (Riboflavin transporter 2) (hRFT2)	SLC52A3 C20orf54 RFT2 RFVT3	Homo sapiens (Human)	469
Q96BD0	Q96BD0	SO4A1_HUMAN	reviewed	Solute carrier organic anion transporter family member 4A1 (OATP4A1) (Colon organic anion transporter) (Organic anion transporter polypeptide-related protein 1) (OATP-RP1) (OATPRP1) (POAT) (Organic anion-transporting polypeptide E) (OATP-E) (Sodium-independent organic anion transporter E) (Solute carrier family 21 member 12)	SLCO4A1 OATP1 OATP4A1 OATPE SLC21A12	Homo sapiens (Human)	722
P03973	P03973	SLPI_HUMAN	reviewed	Antileukoproteinase (ALP) (BLPI) (HUSI-1) (Mucus proteinase inhibitor) (MPI) (Protease inhibitor WAP4) (Secretory leukocyte protease inhibitor) (Seminal proteinase inhibitor) (WAP four-disulfide core domain protein 4)	SLPI WAP4 WFDC4	Homo sapiens (Human)	132
Q5VYV7	Q5VYV7	SLX4I_HUMAN	reviewed	Protein SLX4IP (SLX4-interacting protein)	SLX4IP C20orf94	Homo sapiens (Human)	408
A0A096LP01	A0A096LP01	SIM26_HUMAN	reviewed	Small integral membrane protein 26	SMIM26	Homo sapiens (Human)	95
Q9NWM0	Q9NWM0	SMOX_HUMAN	reviewed	Spermine oxidase (EC 1.5.3.16) (Polyamine oxidase 1) (PAO-1) (PAOh1)	SMOX C20orf16 SMO UNQ3039/PRO9854	Homo sapiens (Human)	555
O95863	O95863	SNAI1_HUMAN	reviewed	Zinc finger protein SNAI1 (Protein snail homolog 1) (Protein sna)	SNAI1 SNAH	Homo sapiens (Human)	264
P60880	P60880	SNP25_HUMAN	reviewed	Synaptosomal-associated protein 25 (SNAP-25) (Super protein) (SUP) (Synaptosomal-associated 25 kDa protein)	SNAP25 SNAP	Homo sapiens (Human)	206
O15079	O15079	SNPH_HUMAN	reviewed	Syntaphilin	SNPH KIAA0374	Homo sapiens (Human)	494
P14678	P14678	RSMB_HUMAN	reviewed	Small nuclear ribonucleoprotein-associated proteins B and B' (snRNP-B) (Sm protein B/B') (Sm-B/B') (SmB/B')	SNRPB COD SNRPB1	Homo sapiens (Human)	240
P08579	P08579	RU2B_HUMAN	reviewed	U2 small nuclear ribonucleoprotein B'' (U2 snRNP B'')	SNRPB2	Homo sapiens (Human)	225
Q13424	Q13424	SNTA1_HUMAN	reviewed	Alpha-1-syntrophin (59 kDa dystrophin-associated protein A1 acidic component 1) (Pro-TGF-alpha cytoplasmic domain-interacting protein 1) (TACIP1) (Syntrophin-1)	SNTA1 SNT1	Homo sapiens (Human)	505
Q9Y5X3	Q9Y5X3	SNX5_HUMAN	reviewed	Sorting nexin-5	SNX5	Homo sapiens (Human)	404
Q969T3	Q969T3	SNX21_HUMAN	reviewed	Sorting nexin-21 (Sorting nexin L) (SNX-L)	SNX21 C20orf161 SNXL	Homo sapiens (Human)	373
O94964	O94964	SOGA1_HUMAN	reviewed	Protein SOGA1 (SOGA family member 1) (Suppressor of glucose by autophagy) (Suppressor of glucose, autophagy-associated protein 1) [Cleaved into: N-terminal form; C-terminal 80 kDa form (80-kDa SOGA fragment)]	SOGA1 C20orf117 KIAA0889 SOGA	Homo sapiens (Human)	1423
O15370	O15370	SOX12_HUMAN	reviewed	Transcription factor SOX-12 (Protein SOX-22)	SOX12 SOX22	Homo sapiens (Human)	315
P35713	P35713	SOX18_HUMAN	reviewed	Transcription factor SOX-18	SOX18	Homo sapiens (Human)	384
Q9NPE6	Q9NPE6	SPAG4_HUMAN	reviewed	Sperm-associated antigen 4 protein (Outer dense fiber-associated protein SPAG4) (SUN domain-containing protein 4)	SPAG4 SUN4	Homo sapiens (Human)	437
Q9UM82	Q9UM82	SPAT2_HUMAN	reviewed	Spermatogenesis-associated protein 2 (Spermatogenesis-associated protein PD1)	SPATA2 KIAA0757 PD1	Homo sapiens (Human)	520
Q9BR10	Q9BR10	SPT25_HUMAN	reviewed	Spermatogenesis-associated protein 25 (Testis-specific gene 23 protein)	SPATA25 C20orf165 TSG23	Homo sapiens (Human)	227
Q9Y4P9	Q9Y4P9	SPEF1_HUMAN	reviewed	Sperm flagellar protein 1	SPEF1 C20orf28	Homo sapiens (Human)	236
P49223	P49223	SPIT3_HUMAN	reviewed	Kunitz-type protease inhibitor 3 (HKIB9)	SPINT3	Homo sapiens (Human)	89
Q6UDR6	Q6UDR6	SPIT4_HUMAN	reviewed	Kunitz-type protease inhibitor 4	SPINT4 C20orf137	Homo sapiens (Human)	99
Q9Y5K1	Q9Y5K1	SPO11_HUMAN	reviewed	Meiotic recombination protein SPO11 (EC 5.99.1.3) (Cancer/testis antigen 35) (CT35)	SPO11	Homo sapiens (Human)	396
Q9NUV7	Q9NUV7	SPTC3_HUMAN	reviewed	Serine palmitoyltransferase 3 (EC 2.3.1.50) (Long chain base biosynthesis protein 2b) (LCB2b) (Long chain base biosynthesis protein 3) (LCB 3) (Serine-palmitoyl-CoA transferase 3) (SPT 3)	SPTLC3 C20orf38 SPTLC2L	Homo sapiens (Human)	552
P12931	P12931	SRC_HUMAN	reviewed	Proto-oncogene tyrosine-protein kinase Src (EC 2.7.10.2) (Proto-oncogene c-Src) (pp60c-src) (p60-Src)	SRC SRC1	Homo sapiens (Human)	536
Q9H3Y6	Q9H3Y6	SRMS_HUMAN	reviewed	Tyrosine-protein kinase Srms (EC 2.7.10.2)	SRMS C20orf148	Homo sapiens (Human)	488
Q13247	Q13247	SRSF6_HUMAN	reviewed	Serine/arginine-rich splicing factor 6 (Pre-mRNA-splicing factor SRP55) (Splicing factor, arginine/serine-rich 6)	SRSF6 SFRS6 SRP55	Homo sapiens (Human)	344
Q9BYN0	Q9BYN0	SRXN1_HUMAN	reviewed	Sulfiredoxin-1 (EC 1.8.98.2)	SRXN1 C20orf139 SRX SRX1	Homo sapiens (Human)	137
O75177	O75177	CREST_HUMAN	reviewed	Calcium-responsive transactivator (SS18-like protein 1) (SYT homolog 1)	SS18L1 CREST KIAA0693	Homo sapiens (Human)	396
P31391	P31391	SSR4_HUMAN	reviewed	Somatostatin receptor type 4 (SS-4-R) (SS4-R) (SS4R)	SSTR4	Homo sapiens (Human)	388
O95793	O95793	STAU1_HUMAN	reviewed	Double-stranded RNA-binding protein Staufen homolog 1	STAU1 STAU	Homo sapiens (Human)	577
Q13043	Q13043	STK4_HUMAN	reviewed	Serine/threonine-protein kinase 4 (EC 2.7.11.1) (Mammalian STE20-like protein kinase 1) (MST-1) (STE20-like kinase MST1) (Serine/threonine-protein kinase Krs-2) [Cleaved into: Serine/threonine-protein kinase 4 37kDa subunit (MST1/N); Serine/threonine-protein kinase 4 18kDa subunit (MST1/C)]	STK4 KRS2 MST1	Homo sapiens (Human)	487
Q8TDR2	Q8TDR2	STK35_HUMAN	reviewed	Serine/threonine-protein kinase 35 (EC 2.7.11.1) (CLP-36-interacting kinase 1) (CLIK-1) (PDLIM1-interacting kinase 1) (Serine/threonine-protein kinase 35 L1)	STK35 CLIK1 PDIK1 STK35L1	Homo sapiens (Human)	534
Q9NZ72	Q9NZ72	STMN3_HUMAN	reviewed	Stathmin-3 (SCG10-like protein)	STMN3 SCLIP	Homo sapiens (Human)	180
O14662	O14662	STX16_HUMAN	reviewed	Syntaxin-16 (Syn16)	STX16	Homo sapiens (Human)	325
Q8IWU5	Q8IWU5	SULF2_HUMAN	reviewed	Extracellular sulfatase Sulf-2 (hSulf-2) (EC 3.1.6.-)	SULF2 KIAA1247 UNQ559/PRO1120	Homo sapiens (Human)	870
Q8TC36	Q8TC36	SUN5_HUMAN	reviewed	SUN domain-containing protein 5 (Sad1 and UNC84 domain-containing protein 5) (Sperm-associated antigen 4-like protein) (Testis and spermatogenesis-related gene 4 protein)	SUN5 SPAG4L TSARG4	Homo sapiens (Human)	379
Q9BX26	Q9BX26	SYCP2_HUMAN	reviewed	Synaptonemal complex protein 2 (SCP-2) (Synaptonemal complex lateral element protein) (hsSCP2)	SYCP2 SCP2	Homo sapiens (Human)	1530
Q9H7V2	Q9H7V2	SYNG1_HUMAN	reviewed	Synapse differentiation-inducing gene protein 1 (SynDIG1) (Dispanin subfamily C member 2) (DSPC2) (Transmembrane protein 90B)	SYNDIG1 C20orf39 TMEM90B	Homo sapiens (Human)	258
Q8N2H4	Q8N2H4	SYS1_HUMAN	reviewed	Protein SYS1 homolog	SYS1 C20orf169	Homo sapiens (Human)	156
O00268	O00268	TAF4_HUMAN	reviewed	Transcription initiation factor TFIID subunit 4 (RNA polymerase II TBP-associated factor subunit C) (TBP-associated factor 4) (Transcription initiation factor TFIID 130 kDa subunit) (TAF(II)130) (TAFII-130) (TAFII130) (Transcription initiation factor TFIID 135 kDa subunit) (TAF(II)135) (TAFII-135) (TAFII135)	TAF4 TAF2C TAF2C1 TAF4A TAFII130 TAFII135	Homo sapiens (Human)	1085
Q9H6P5	Q9H6P5	TASP1_HUMAN	reviewed	Threonine aspartase 1 (Taspase-1) (EC 3.4.25.-) [Cleaved into: Threonine aspartase subunit alpha; Threonine aspartase subunit beta]	TASP1 C20orf13	Homo sapiens (Human)	420
Q96BZ9	Q96BZ9	TBC20_HUMAN	reviewed	TBC1 domain family member 20	TBC1D20 C20orf140	Homo sapiens (Human)	403
Q15560	Q15560	TCEA2_HUMAN	reviewed	Transcription elongation factor A protein 2 (Testis-specific S-II) (Transcription elongation factor S-II protein 2) (Transcription elongation factor TFIIS.l)	TCEA2	Homo sapiens (Human)	299
Q12870	Q12870	TCF15_HUMAN	reviewed	Transcription factor 15 (TCF-15) (Class A basic helix-loop-helix protein 40) (bHLHa40) (Paraxis) (Protein bHLH-EC2)	TCF15 BHLHA40 BHLHEC2	Homo sapiens (Human)	199
Q9UL49	Q9UL49	TCFL5_HUMAN	reviewed	Transcription factor-like 5 protein (Cha transcription factor) (HPV-16 E2-binding protein 1) (E2BP-1)	TCFL5 CHA E2BP1	Homo sapiens (Human)	500
Q92754	Q92754	AP2C_HUMAN	reviewed	Transcription factor AP-2 gamma (AP2-gamma) (Activating enhancer-binding protein 2 gamma) (Transcription factor ERF-1)	TFAP2C	Homo sapiens (Human)	450
Q9GZN2	Q9GZN2	TGIF2_HUMAN	reviewed	Homeobox protein TGIF2 (5'-TG-3'-interacting factor 2) (TGF-beta-induced transcription factor 2) (TGFB-induced factor 2)	TGIF2	Homo sapiens (Human)	237
P21980	P21980	TGM2_HUMAN	reviewed	Protein-glutamine gamma-glutamyltransferase 2 (EC 2.3.2.13) (Tissue transglutaminase) (Transglutaminase C) (TG(C)) (TGC) (TGase C) (Transglutaminase H) (TGase H) (Transglutaminase-2) (TGase-2)	TGM2	Homo sapiens (Human)	687
Q08188	Q08188	TGM3_HUMAN	reviewed	Protein-glutamine gamma-glutamyltransferase E (EC 2.3.2.13) (Transglutaminase E) (TG(E)) (TGE) (TGase E) (Transglutaminase-3) (TGase-3) [Cleaved into: Protein-glutamine gamma-glutamyltransferase E 50 kDa catalytic chain; Protein-glutamine gamma-glutamyltransferase E 27 kDa non-catalytic chain]	TGM3	Homo sapiens (Human)	693
O95932	O95932	TGM3L_HUMAN	reviewed	Protein-glutamine gamma-glutamyltransferase 6 (EC 2.3.2.13) (Transglutaminase Y) (TGY) (TGase Y) (Transglutaminase-3-like) (TGase-3-like) (Transglutaminase-6) (TG6) (TGase-6)	TGM6 TGM3L	Homo sapiens (Human)	706
P07204	P07204	TRBM_HUMAN	reviewed	Thrombomodulin (TM) (Fetomodulin) (CD antigen CD141)	THBD THRM	Homo sapiens (Human)	575
A0PJX2	A0PJX2	TLDC2_HUMAN	reviewed	TLD domain-containing protein 2 (TBC/LysM-associated domain-containing protein 2)	TLDC2	Homo sapiens (Human)	215
Q92544	Q92544	TM9S4_HUMAN	reviewed	Transmembrane 9 superfamily member 4 (Tumor cannibalism associated protein 1)	TM9SF4 KIAA0255 TUCAP1	Homo sapiens (Human)	642
Q8TDI7	Q8TDI7	TMC2_HUMAN	reviewed	Transmembrane channel-like protein 2 (Transmembrane cochlear-expressed protein 2)	TMC2 C20orf145 UNQ907/PRO1928	Homo sapiens (Human)	906
Q9NUR3	Q9NUR3	TM74B_HUMAN	reviewed	Transmembrane protein 74B	TMEM74B C20orf46	Homo sapiens (Human)	256
A5PLL7	A5PLL7	TM189_HUMAN	reviewed	Transmembrane protein 189	TMEM189 KUA	Homo sapiens (Human)	270
Q96A57	Q96A57	TM230_HUMAN	reviewed	Transmembrane protein 230	TMEM230 C20orf30 HSPC274 UNQ2432/PRO4992	Homo sapiens (Human)	120
Q8WW34	Q8WW34	TM239_HUMAN	reviewed	Transmembrane protein 239	TMEM239	Homo sapiens (Human)	195
Q9H1E5	Q9H1E5	TMX4_HUMAN	reviewed	Thioredoxin-related transmembrane protein 4 (Thioredoxin domain-containing protein 13)	TMX4 KIAA1162 TXNDC13 PSEC0095 UNQ475/PRO938	Homo sapiens (Human)	349
O95407	O95407	TNF6B_HUMAN	reviewed	Tumor necrosis factor receptor superfamily member 6B (Decoy receptor 3) (DcR3) (Decoy receptor for Fas ligand) (M68)	TNFRSF6B DCR3 TR6 UNQ186/PRO212	Homo sapiens (Human)	300
P02585	P02585	TNNC2_HUMAN	reviewed	Troponin C, skeletal muscle	TNNC2	Homo sapiens (Human)	160
Q15785	Q15785	TOM34_HUMAN	reviewed	Mitochondrial import receptor subunit TOM34 (hTom34) (Translocase of outer membrane 34 kDa subunit)	TOMM34 URCC3	Homo sapiens (Human)	309
P11387	P11387	TOP1_HUMAN	reviewed	DNA topoisomerase 1 (EC 5.99.1.2) (DNA topoisomerase I)	TOP1	Homo sapiens (Human)	765
Q96NM4	Q96NM4	TOX2_HUMAN	reviewed	TOX high mobility group box family member 2 (Granulosa cell HMG box protein 1) (GCX-1)	TOX2 C20orf100 GCX1	Homo sapiens (Human)	488
Q8IXH6	Q8IXH6	T53I2_HUMAN	reviewed	Tumor protein p53-inducible nuclear protein 2 (Diabetes and obesity-regulated gene) (p53-inducible protein U) (PIG-U)	TP53INP2 C20orf110 DOR PINH	Homo sapiens (Human)	220
Q96S44	Q96S44	PRPK_HUMAN	reviewed	TP53-regulating kinase (EC 2.7.11.1) (Atypical serine/threonine protein kinase TP53RK) (EKC/KEOPS complex subunit TP53RK) (EC 3.6.-.-) (Nori-2) (p53-related protein kinase)	TP53RK C20orf64 PRPK	Homo sapiens (Human)	253
Q9Y2B4	Q9Y2B4	T53G5_HUMAN	reviewed	TP53-target gene 5 protein (TP53-inducible gene 5 protein)	TP53TG5 C20orf10	Homo sapiens (Human)	290
O43399	O43399	TPD54_HUMAN	reviewed	Tumor protein D54 (hD54) (Tumor protein D52-like 2)	TPD52L2	Homo sapiens (Human)	206
Q9ULW0	Q9ULW0	TPX2_HUMAN	reviewed	Targeting protein for Xklp2 (Differentially expressed in cancerous and non-cancerous lung cells 2) (DIL-2) (Hepatocellular carcinoma-associated antigen 519) (Hepatocellular carcinoma-associated antigen 90) (Protein fls353) (Restricted expression proliferation-associated protein 100) (p100)	TPX2 C20orf1 C20orf2 DIL2 HCA519	Homo sapiens (Human)	747
Q96RU7	Q96RU7	TRIB3_HUMAN	reviewed	Tribbles homolog 3 (TRB-3) (Neuronal cell death-inducible putative kinase) (SINK) (p65-interacting inhibitor of NF-kappa-B)	TRIB3 C20orf97 NIPK SKIP3 TRB3	Homo sapiens (Human)	358
Q9UJA5	Q9UJA5	TRM6_HUMAN	reviewed	tRNA (adenine(58)-N(1))-methyltransferase non-catalytic subunit TRM6 (mRNA methyladenosine-N(1)-methyltransferase non-catalytic subunit TRM6) (tRNA(m1A58)-methyltransferase subunit TRM6) (tRNA(m1A58)MTase subunit TRM6)	TRMT6 KIAA1153 TRM6 CGI-09	Homo sapiens (Human)	497
Q8TEL6	Q8TEL6	TP4AP_HUMAN	reviewed	Short transient receptor potential channel 4-associated protein (Trp4-associated protein) (Trpc4-associated protein) (Protein TAP1) (TNF-receptor ubiquitous scaffolding/signaling protein) (Protein TRUSS)	TRPC4AP C20orf188 TRRP4AP	Homo sapiens (Human)	797
Q9NRE2	Q9NRE2	TSH2_HUMAN	reviewed	Teashirt homolog 2 (Ovarian cancer-related protein 10-2) (OVC10-2) (Zinc finger protein 218)	TSHZ2 C20orf17 TSH2 ZNF218	Homo sapiens (Human)	1034
O43156	O43156	TTI1_HUMAN	reviewed	TELO2-interacting protein 1 homolog (Protein SMG10)	TTI1 KIAA0406 SMG10	Homo sapiens (Human)	1089
Q9BTX7	Q9BTX7	TTPAL_HUMAN	reviewed	Alpha-tocopherol transfer protein-like	TTPAL C20orf121	Homo sapiens (Human)	342
Q9H4B7	Q9H4B7	TBB1_HUMAN	reviewed	Tubulin beta-1 chain	TUBB1	Homo sapiens (Human)	451
O00762	O00762	UBE2C_HUMAN	reviewed	Ubiquitin-conjugating enzyme E2 C (EC 2.3.2.23) ((E3-independent) E2 ubiquitin-conjugating enzyme C) (EC 2.3.2.24) (E2 ubiquitin-conjugating enzyme C) (UbcH10) (Ubiquitin carrier protein C) (Ubiquitin-protein ligase C)	UBE2C UBCH10	Homo sapiens (Human)	179
Q13404	Q13404	UB2V1_HUMAN	reviewed	Ubiquitin-conjugating enzyme E2 variant 1 (UEV-1) (CROC-1) (TRAF6-regulated IKK activator 1 beta Uev1A)	UBE2V1 CROC1 UBE2V UEV1 P/OKcl.19	Homo sapiens (Human)	147
O94941	O94941	RNF37_HUMAN	reviewed	RING finger protein 37 (EC 2.3.2.27) (RING-type E3 ubiquitin transferase RNF37) (U-box domain-containing protein 5) (UbcM4-interacting protein 5) (hUIP5) (Ubiquitin-conjugating enzyme 7-interacting protein 5)	UBOX5 KIAA0860 RNF37 UBCE7IP5 UIP5	Homo sapiens (Human)	541
Q9NWZ5	Q9NWZ5	UCKL1_HUMAN	reviewed	Uridine-cytidine kinase-like 1 (EC 2.7.1.48)	UCKL1 URKL1 F538	Homo sapiens (Human)	548
Q9NVA1	Q9NVA1	UQCC1_HUMAN	reviewed	Ubiquinol-cytochrome-c reductase complex assembly factor 1 (Basic FGF-repressed Zic-binding protein) (bFGF-repressed Zic-binding protein) (bFZb) (Ubiquinol-cytochrome c reductase complex chaperone CBP3 homolog)	UQCC1 BZFB C20orf44 UQCC	Homo sapiens (Human)	299
O95292	O95292	VAPB_HUMAN	reviewed	Vesicle-associated membrane protein-associated protein B/C (VAMP-B/VAMP-C) (VAMP-associated protein B/C) (VAP-B/VAP-C)	VAPB UNQ484/PRO983	Homo sapiens (Human)	243
Q9H269	Q9H269	VPS16_HUMAN	reviewed	Vacuolar protein sorting-associated protein 16 homolog (hVPS16)	VPS16	Homo sapiens (Human)	839
Q96N03	Q96N03	VTM2L_HUMAN	reviewed	V-set and transmembrane domain-containing protein 2-like protein	VSTM2L C20orf102	Homo sapiens (Human)	204
Q9NZR4	Q9NZR4	VSX1_HUMAN	reviewed	Visual system homeobox 1 (Homeodomain protein RINX) (Retinal inner nuclear layer homeobox protein) (Transcription factor VSX1)	VSX1 RINX	Homo sapiens (Human)	365
Q14508	Q14508	WFDC2_HUMAN	reviewed	WAP four-disulfide core domain protein 2 (Epididymal secretory protein E4) (Major epididymis-specific protein E4) (Putative protease inhibitor WAP5)	WFDC2 HE4 WAP5	Homo sapiens (Human)	124
Q8IUB2	Q8IUB2	WFDC3_HUMAN	reviewed	WAP four-disulfide core domain protein 3 (Putative protease inhibitor WAP14)	WFDC3 WAP14	Homo sapiens (Human)	231
Q8TCV5	Q8TCV5	WFDC5_HUMAN	reviewed	WAP four-disulfide core domain protein 5 (Putative protease inhibitor WAP1) (p53-responsive gene 5 protein)	WFDC5 PRG5 WAP1 UNQ3036/PRO9842	Homo sapiens (Human)	224
Q9BQY6	Q9BQY6	WFDC6_HUMAN	reviewed	WAP four-disulfide core domain protein 6 (Putative protease inhibitor WAP6)	WFDC6 C20orf171 WAP6	Homo sapiens (Human)	131
Q8IUA0	Q8IUA0	WFDC8_HUMAN	reviewed	WAP four-disulfide core domain protein 8 (Putative protease inhibitor WAP8)	WFDC8 C20orf170 WAP8	Homo sapiens (Human)	241
Q8NEX5	Q8NEX5	WFDC9_HUMAN	reviewed	Protein WFDC9	WFDC9 WAP9	Homo sapiens (Human)	89
Q9H1F0	Q9H1F0	WF10A_HUMAN	reviewed	WAP four-disulfide core domain protein 10A (Putative protease inhibitor WAP10A)	WFDC10A C20orf146 WAP10	Homo sapiens (Human)	79
Q8IUB3	Q8IUB3	WF10B_HUMAN	reviewed	Protein WFDC10B	WFDC10B WAP12	Homo sapiens (Human)	73
Q8NEX6	Q8NEX6	WFD11_HUMAN	reviewed	Protein WFDC11	WFDC11 WAP11	Homo sapiens (Human)	87
Q8WWY7	Q8WWY7	WFD12_HUMAN	reviewed	WAP four-disulfide core domain protein 12 (Putative protease inhibitor WAP12) (Whey acidic protein 2)	WFDC12 C20orf122 WAP2 UNQ544/PRO844	Homo sapiens (Human)	111
Q8IUB5	Q8IUB5	WFD13_HUMAN	reviewed	WAP four-disulfide core domain protein 13	WFDC13 C20orf138 WAP13	Homo sapiens (Human)	93
O76076	O76076	WISP2_HUMAN	reviewed	WNT1-inducible-signaling pathway protein 2 (WISP-2) (CCN family member 5) (Connective tissue growth factor-like protein) (CTGF-L) (Connective tissue growth factor-related protein 58)	WISP2 CCN5 CT58 CTGFL UNQ228/PRO261	Homo sapiens (Human)	250
Q5GH72	Q5GH72	XKR7_HUMAN	reviewed	XK-related protein 7	XKR7 C20orf159 XRG7	Homo sapiens (Human)	579
Q9H0D6	Q9H0D6	XRN2_HUMAN	reviewed	5'-3' exoribonuclease 2 (EC 3.1.13.-) (DHM1-like protein) (DHP protein)	XRN2	Homo sapiens (Human)	950
Q9BYJ9	Q9BYJ9	YTHD1_HUMAN	reviewed	YTH domain-containing family protein 1 (Dermatomyositis associated with cancer putative autoantigen 1) (DACA-1)	YTHDF1 C20orf21	Homo sapiens (Human)	559
P31946	P31946	1433B_HUMAN	reviewed	14-3-3 protein beta/alpha (Protein 1054) (Protein kinase C inhibitor protein 1) (KCIP-1) [Cleaved into: 14-3-3 protein beta/alpha, N-terminally processed]	YWHAB	Homo sapiens (Human)	246
Q9H171	Q9H171	ZBP1_HUMAN	reviewed	Z-DNA-binding protein 1 (Tumor stroma and activated macrophage protein DLM-1)	ZBP1 C20orf183 DLM1	Homo sapiens (Human)	429
Q86UZ6	Q86UZ6	ZBT46_HUMAN	reviewed	Zinc finger and BTB domain-containing protein 46 (BTB-ZF protein expressed in effector lymphocytes) (BZEL) (BTB/POZ domain-containing protein 4) (Zinc finger protein 340)	ZBTB46 BTBD4 ZNF340	Homo sapiens (Human)	589
Q9NUD5	Q9NUD5	ZCHC3_HUMAN	reviewed	Zinc finger CCHC domain-containing protein 3	ZCCHC3 C20orf99	Homo sapiens (Human)	404
Q9NPA5	Q9NPA5	ZF64A_HUMAN	reviewed	Zinc finger protein 64 homolog, isoforms 1 and 2 (Zfp-64) (Zinc finger protein 338)	ZFP64 ZNF338	Homo sapiens (Human)	681
Q9NTW7	Q9NTW7	ZF64B_HUMAN	reviewed	Zinc finger protein 64 homolog, isoforms 3 and 4 (Zfp-64) (Zinc finger protein 338)	ZFP64 ZNF338	Homo sapiens (Human)	645
Q8N5A5	Q8N5A5	ZGPAT_HUMAN	reviewed	Zinc finger CCCH-type with G patch domain-containing protein (G patch domain-containing protein 6) (Zinc finger CCCH domain-containing protein 9) (Zinc finger and G patch domain-containing protein)	ZGPAT GPATC6 GPATCH6 KIAA1847 ZC3H9 ZC3HDC9 ZIP	Homo sapiens (Human)	531
Q9H4I2	Q9H4I2	ZHX3_HUMAN	reviewed	Zinc fingers and homeoboxes protein 3 (Triple homeobox protein 1) (Zinc finger and homeodomain protein 3)	ZHX3 KIAA0395 TIX1	Homo sapiens (Human)	956
Q9ULU4	Q9ULU4	PKCB1_HUMAN	reviewed	Protein kinase C-binding protein 1 (Cutaneous T-cell lymphoma-associated antigen se14-3) (CTCL-associated antigen se14-3) (Rack7) (Zinc finger MYND domain-containing protein 8)	ZMYND8 KIAA1125 PRKCBP1 RACK7	Homo sapiens (Human)	1186
P52736	P52736	ZN133_HUMAN	reviewed	Zinc finger protein 133 (Zinc finger protein 150)	ZNF133 ZNF150	Homo sapiens (Human)	654
O75362	O75362	ZN217_HUMAN	reviewed	Zinc finger protein 217	ZNF217 ZABC1	Homo sapiens (Human)	1048
Q9HCZ1	Q9HCZ1	ZN334_HUMAN	reviewed	Zinc finger protein 334	ZNF334	Homo sapiens (Human)	680
Q9H4Z2	Q9H4Z2	ZN335_HUMAN	reviewed	Zinc finger protein 335 (NRC-interacting factor 1) (NIF-1)	ZNF335	Homo sapiens (Human)	1342
Q9Y3M9	Q9Y3M9	ZN337_HUMAN	reviewed	Zinc finger protein 337	ZNF337	Homo sapiens (Human)	751
Q9BYN7	Q9BYN7	ZN341_HUMAN	reviewed	Zinc finger protein 341	ZNF341	Homo sapiens (Human)	854
Q6P1L6	Q6P1L6	ZN343_HUMAN	reviewed	Zinc finger protein 343	ZNF343	Homo sapiens (Human)	599
Q96KM6	Q96KM6	Z512B_HUMAN	reviewed	Zinc finger protein 512B	ZNF512B KIAA1196	Homo sapiens (Human)	892
Q5JPB2	Q5JPB2	ZN831_HUMAN	reviewed	Zinc finger protein 831	ZNF831 C20orf174	Homo sapiens (Human)	1677
Q9P2E3	Q9P2E3	ZNFX1_HUMAN	reviewed	NFX1-type zinc finger-containing protein 1	ZNFX1 KIAA1404	Homo sapiens (Human)	1918
Q9BR11	Q9BR11	ZSWM1_HUMAN	reviewed	Zinc finger SWIM domain-containing protein 1	ZSWIM1 C20orf162	Homo sapiens (Human)	485
Q96MP5	Q96MP5	ZSWM3_HUMAN	reviewed	Zinc finger SWIM domain-containing protein 3	ZSWIM3 C20orf164	Homo sapiens (Human)	696
